user_id,user_segment,geo,device_type,model_score,predicted_ctr,actual_ctr,uplift_score
1,New User,North America,Desktop,0.5781683642569008,0.25,0.25,0.005018665528058092
2,Power User,Europe,Mobile,0.5967823378925086,0.25,0.2493316306244886,0.06082855228157212
3,Returning User,Asia,Mobile,0.5833406699005173,0.25,0.25,0.005950021039091865
4,Returning User,Europe,Mobile,0.5134371021882873,0.25,0.24966723988154194,0.03503260195819327
5,New User,Asia,Desktop,0.47039923695390107,0.25,0.2256095688321961,0.025079169117217463
6,New User,Europe,Desktop,0.47730900745197324,0.25,0.25,0.020763031080088448
7,New User,Europe,Desktop,0.47076375794709785,0.25,0.25,8.357217300311581e-05
8,Power User,Asia,Desktop,0.6700655145300597,0.25,0.25,0.05374322284397116
9,Returning User,North America,Desktop,0.5890335083421293,0.25,0.2207390191816525,0.007254157228984166
10,Returning User,North America,Desktop,0.058941704800357986,0.04597248104061818,0.08507771899866096,0.02120855117355722
11,New User,North America,Desktop,0.5983851164794641,0.25,0.25,0.030441196514329888
12,Power User,Asia,Mobile,0.5292104292078162,0.25,0.23341237487898095,0.061950528906061134
13,Power User,Asia,Desktop,0.4971936865331154,0.25,0.25,0.050227744138106496
14,New User,North America,Mobile,0.4417222320366671,0.25,0.23507287484844377,0.0003779013611573713
15,New User,Europe,Mobile,0.6686169079979021,0.25,0.22653989522466889,0.0246838156826129
16,New User,Asia,Desktop,0.6421289693184287,0.25,0.2272089064755914,0.015290718565470377
17,New User,North America,Desktop,0.38406834982645865,0.25,0.19686794340735728,-0.019804733973456348
18,Returning User,Europe,Mobile,0.5610578430686802,0.25,0.25,0.03673944739474777
19,Returning User,Asia,Mobile,0.3542514898188071,0.25,0.1950656536498495,0.024636507491954618
20,New User,North America,Desktop,0.2930572752816604,0.25,0.2131466850620271,0.03303676871974608
21,Returning User,Europe,Desktop,0.40599241631150523,0.25,0.18773235972764402,0.008570942217357932
22,New User,North America,Mobile,0.6293590208574138,0.25,0.2474179092162732,-0.02
23,New User,Asia,Desktop,0.642968756806413,0.25,0.24549038619184385,0.019186257875177776
24,New User,Asia,Desktop,0.576962813014594,0.25,0.24019911360440907,0.01937345515022959
25,Returning User,Asia,Desktop,0.6087643680271996,0.25,0.2187226691598827,-0.0003600744140967761
26,Returning User,North America,Mobile,0.5774267430672437,0.25,0.2148329873969008,0.010322506812000906
27,New User,Asia,Mobile,0.4037777607165572,0.2448858215146177,0.25,0.05632826615579852
28,Returning User,Asia,Mobile,0.5647883817010911,0.25,0.23348344204874538,0.02041584078769295
29,Returning User,North America,Desktop,0.6200614287841524,0.25,0.25,0.03596438464564324
30,New User,Asia,Desktop,0.6131436994720362,0.25,0.22344253941627332,0.005240102589474245
31,Returning User,North America,Mobile,0.6783370057211964,0.25,0.25,-0.006354543482797348
32,New User,Europe,Mobile,0.6062455770801596,0.25,0.25,0.012446126298061418
33,New User,North America,Mobile,0.5527172311312374,0.25,0.25,0.011015931595708421
34,Power User,North America,Desktop,0.6605225357474641,0.25,0.2376275854535056,0.04400182641997443
35,Power User,North America,Mobile,0.496021811112641,0.25,0.25,0.048280387467404116
36,Power User,Europe,Mobile,0.3677188023158423,0.23546524469605865,0.22824528946015227,0.05396402407468455
37,New User,North America,Desktop,0.4755399554084354,0.25,0.25,0.0127482457311929
38,New User,Europe,Desktop,0.38826460327903267,0.25,0.2402316684355449,-0.003960092519210458
39,Returning User,North America,Desktop,0.3987232587538428,0.24699552917218898,0.24206547299562725,0.032292771873429084
40,Returning User,North America,Mobile,0.47832219939267234,0.25,0.25,-0.004240576329836345
41,New User,Europe,Desktop,0.3811370118500058,0.25,0.2201992390125415,-0.015755361859263003
42,Returning User,Europe,Desktop,0.45380577055414395,0.25,0.21952363519030066,0.036087707420523515
43,New User,North America,Mobile,0.21595779995693215,0.15192940611738537,0.11027312950244904,0.02260530408203035
44,Power User,Europe,Desktop,0.5319940561059407,0.25,0.2019918668648887,0.04913906952388946
45,New User,Asia,Mobile,0.5001808213043336,0.25,0.21348151923338562,-0.005931727571326078
46,Returning User,Europe,Mobile,0.3774367053397714,0.25,0.25,0.014381335889888871
47,New User,North America,Desktop,0.5988868502648608,0.25,0.22321637453524348,0.01105879878470244
48,Returning User,North America,Desktop,0.6406355206439838,0.25,0.25,0.001061590471388301
49,Returning User,Asia,Desktop,0.2588660203446539,0.19565158621398304,0.1966929986765599,0.013914570129651508
50,New User,North America,Desktop,0.38559128321506786,0.25,0.19094487359685838,0.024784955072650196
51,Power User,Asia,Desktop,0.3846286475319053,0.25,0.25,0.07140958046433825
52,Returning User,Europe,Desktop,0.3590145348336703,0.25,0.25,0.018708478710121743
53,Power User,Asia,Mobile,0.6244212262897623,0.25,0.2201841197549544,0.06134732531474148
54,Power User,Europe,Mobile,0.47092607918407947,0.25,0.25,0.021289098941187995
55,Returning User,Asia,Desktop,0.46032277380340836,0.25,0.22430505287772404,0.03489176861670418
56,Power User,North America,Mobile,0.199420645338987,0.17444468455707254,0.1773747958595226,0.03794077377908779
57,New User,Europe,Desktop,0.595312704531384,0.25,0.21206504779135105,0.01961018425061955
58,New User,North America,Mobile,0.31411124077197916,0.25,0.1962068064239627,0.011283713726404361
59,New User,North America,Mobile,0.5089898945399493,0.25,0.23851548431161093,0.03480621014675751
60,New User,Europe,Mobile,0.5416065406937287,0.25,0.24628813161175492,0.0018834652749012276
61,New User,Asia,Desktop,0.7040987893757976,0.25,0.2380696091915619,0.024414094463427467
62,New User,Asia,Mobile,0.3036769401321332,0.25,0.2144790832533232,0.010807388050551998
63,Power User,Europe,Desktop,0.04707317662687621,0.05142357117579001,0.039426599311855895,0.04762541782985505
64,New User,North America,Mobile,0.5275774317130543,0.25,0.25,0.012242191602611854
65,New User,North America,Mobile,0.7700766772266281,0.25,0.24865320909632388,0.0023149034325883056
66,Returning User,Europe,Mobile,0.6858419529409157,0.25,0.25,0.024788515511399926
67,New User,North America,Mobile,0.5314489122911938,0.25,0.22989654398637302,0.014060276668172677
68,Power User,North America,Mobile,0.4262545721551929,0.25,0.25,0.053618603726100944
69,New User,North America,Desktop,0.6210683894955965,0.25,0.21471479990335657,0.01626757718539294
70,Power User,North America,Desktop,0.35396807004432973,0.23036702338391185,0.24499383229651342,0.06196991824418355
71,Returning User,North America,Mobile,0.5714536654034329,0.25,0.25,0.038852629240710534
72,New User,North America,Mobile,0.575820523874994,0.25,0.25,-0.0007593498274170163
73,New User,North America,Mobile,0.659031486124832,0.25,0.2439242731880551,0.028031587508861564
74,Power User,North America,Mobile,0.9139490058366617,0.25,0.23415108860011064,0.03220495359335219
75,Returning User,Asia,Desktop,0.558862395076815,0.25,0.25,0.03381783832206603
76,Returning User,North America,Mobile,0.4236554561438752,0.25,0.20731075224214982,0.03429608177054303
77,Returning User,North America,Desktop,0.4961638531712008,0.25,0.2208962721886107,-0.003669753374937558
78,New User,Europe,Mobile,0.2346386142666323,0.19492993449953333,0.1830032015347817,0.016394688697941143
79,New User,North America,Desktop,0.39579303033664126,0.25,0.25,0.007972558299595263
80,New User,Asia,Mobile,0.4386076342830344,0.25,0.25,0.0036185211309693755
81,Power User,Europe,Mobile,0.42138674030981116,0.25,0.22095862724469265,0.07026278496048509
82,Returning User,North America,Desktop,0.5228532308050583,0.25,0.2406907688384529,0.015194812890438718
83,New User,North America,Mobile,0.3766370101426699,0.25,0.23157030567711118,0.002904346063229252
84,New User,Asia,Mobile,0.6681546000986707,0.25,0.22870633023299394,0.0161354241000764
85,New User,Asia,Mobile,0.5000310597377295,0.25,0.25,0.025283846194476246
86,New User,North America,Desktop,0.49860495182920783,0.25,0.20884770612209483,0.012875271209848096
87,Returning User,Europe,Mobile,0.4508157925230623,0.25,0.25,0.04249555818503878
88,Returning User,North America,Mobile,0.5232786025788468,0.25,0.25,0.03296463492946136
89,Power User,Asia,Desktop,0.6237647397001452,0.25,0.25,0.017326830204028545
90,Returning User,North America,Desktop,0.36993046764336496,0.25,0.23611181463924225,0.01705799554739488
91,New User,Asia,Desktop,0.4012825266387115,0.25,0.24550177842762672,0.006572368509724515
92,Returning User,Europe,Mobile,0.45444109568350033,0.25,0.20700544556425865,0.03219041430144134
93,Returning User,Europe,Mobile,0.29811936147901774,0.25,0.2342601277879959,-0.014372255845611671
94,Returning User,Europe,Mobile,0.37711132104177536,0.24175485698091198,0.25,0.06323514563076583
95,Returning User,North America,Desktop,0.42856686896830115,0.25,0.25,0.03296539142341315
96,Returning User,North America,Mobile,0.6311583771069091,0.25,0.21678529549592646,0.027233152058765368
97,Returning User,North America,Mobile,0.5393841993502887,0.25,0.23903482189044203,0.042723515746287195
98,Returning User,North America,Desktop,0.5290384867051316,0.25,0.24546102339302434,0.06015481079218937
99,New User,Europe,Desktop,0.6276346943251958,0.25,0.20812632393422545,0.028061199668826045
100,New User,North America,Desktop,0.4793942317400905,0.25,0.25,0.0292321964470743
101,New User,North America,Desktop,0.5585697274893334,0.25,0.22828029004772174,0.016960350366965735
102,Returning User,Asia,Desktop,0.48451673706012555,0.25,0.2441382894646893,0.02287711369949578
103,New User,Asia,Mobile,0.5398043524099443,0.25,0.23644151884264367,0.007863068339926484
104,Returning User,Asia,Desktop,0.4125862013582627,0.25,0.22631984482840978,0.01260832012428187
105,Power User,Asia,Mobile,0.13417742625853563,0.14609273095078637,0.14588138138636972,0.03969478850450754
106,New User,North America,Mobile,0.4798581256720544,0.25,0.24353171264295934,-0.005258339465144746
107,Returning User,North America,Desktop,0.713412220414991,0.25,0.23884426353164004,0.02386192823972465
108,Returning User,Europe,Desktop,0.6389323103362389,0.25,0.2281461513495897,-0.0002700136583957992
109,New User,Europe,Desktop,0.6448096226886756,0.25,0.25,0.01786374786215566
110,New User,North America,Mobile,0.6854196082709327,0.25,0.25,0.014455040879364873
111,New User,Asia,Desktop,0.5132986386442157,0.25,0.25,0.017204029475800315
112,New User,North America,Desktop,0.5295973561108394,0.25,0.25,0.007168026449700113
113,Power User,North America,Desktop,0.4073522156848475,0.25,0.2082933422453961,0.08
114,Power User,Europe,Desktop,0.4525890715959425,0.25,0.25,0.0704017385027047
115,Returning User,Europe,Desktop,0.5923656724656712,0.25,0.217078950430868,0.006331862498729159
116,Power User,Europe,Mobile,0.6805826655753224,0.25,0.20569225217404297,0.053493021311403474
117,Power User,North America,Mobile,0.47908305864785006,0.25,0.2278188577762289,0.040879907855940145
118,New User,Asia,Mobile,0.43247161027228825,0.25,0.25,-0.00021719590061120876
119,Power User,North America,Desktop,0.5000791938284896,0.25,0.25,0.02989891893314098
120,Returning User,North America,Desktop,0.5901810123393673,0.25,0.25,0.03148325036138881
121,Power User,Asia,Desktop,0.2834217775799687,0.19865661401565868,0.15267559721896076,0.039779296473956394
122,Power User,Asia,Mobile,0.1555728570294143,0.17542366257288336,0.16953524303124526,0.06451739036037807
123,New User,Asia,Desktop,0.41741947257626244,0.25,0.25,0.029906733217956585
124,New User,Asia,Desktop,0.3168931361128762,0.23412964296607713,0.23939572985343507,0.03560871577817174
125,New User,Europe,Desktop,0.42377897035290335,0.25,0.19468619249557761,0.002214198508888446
126,Returning User,Europe,Mobile,0.47783295217737926,0.25,0.22329046455940385,0.032130484160380154
127,Power User,North America,Desktop,0.432012738646548,0.25,0.2480776670755385,0.059486813249634514
128,Power User,North America,Mobile,0.7178701301706119,0.25,0.25,0.04288732737344053
129,New User,North America,Desktop,0.549011714690348,0.25,0.1841161653670016,0.0034234206391068733
130,Returning User,North America,Mobile,0.5450711539416242,0.25,0.24513628073560426,0.04914280998663959
131,Returning User,Europe,Mobile,0.5933310716065103,0.25,0.25,0.028412438135980808
132,New User,North America,Mobile,0.32917503233288464,0.25,0.25,0.02453951626067607
133,New User,North America,Desktop,0.6558667681130403,0.25,0.25,0.0026688598225810874
134,New User,North America,Desktop,0.488635357019681,0.25,0.25,-0.0032892669978329056
135,Power User,Europe,Mobile,0.6005720925861819,0.25,0.22600178479894198,0.04145825338261835
136,New User,North America,Mobile,0.3392214150439767,0.25,0.19275993588630078,0.013139679189150044
137,Returning User,Asia,Desktop,0.2669361850975904,0.25,0.23820841728815798,0.00903669989773977
138,Returning User,North America,Desktop,0.6226834487037542,0.25,0.25,0.024852327870244256
139,New User,North America,Mobile,0.5564614289146275,0.25,0.25,-0.0103275778210275
140,Power User,Europe,Desktop,0.36469226684637346,0.25,0.25,0.03319928866295192
141,Power User,Asia,Desktop,0.3695505378087959,0.25,0.25,0.06006366872415313
142,New User,North America,Desktop,0.6688152176622154,0.25,0.25,0.024056857804168413
143,Returning User,Europe,Desktop,0.32158821606990085,0.25,0.23331643759717657,0.019121848519197005
144,New User,Europe,Mobile,0.7464009429883944,0.25,0.2460981911933914,-0.00026646463615429515
145,New User,North America,Desktop,0.3649068898028197,0.25,0.25,-0.00041105327289016336
146,New User,Asia,Desktop,0.5957587888412574,0.25,0.22172325982624372,0.009400976310880289
147,Returning User,Europe,Mobile,0.45070722863765234,0.25,0.25,0.034667777374679375
148,Returning User,Europe,Mobile,0.5904781146623514,0.25,0.24033915536523826,0.03892368537016487
149,New User,Asia,Desktop,0.4183828996828711,0.25,0.25,0.007552023967770464
150,New User,Asia,Desktop,0.47558106408915585,0.25,0.20779554971507386,-0.0023023863897717566
151,Power User,Europe,Desktop,0.5061378763093581,0.25,0.25,0.054017654567995003
152,New User,Asia,Desktop,0.34967188163277907,0.25,0.22789689592157134,0.002646975440612258
153,New User,Europe,Mobile,0.6111236518130189,0.25,0.20754198424227438,0.007226210417081963
154,Returning User,Europe,Mobile,0.4230179650292622,0.25,0.25,0.04487914135655556
155,Power User,Europe,Mobile,0.4657100126989972,0.25,0.25,0.062406731428486524
156,New User,Europe,Desktop,0.35084759380872316,0.25,0.2246517568421951,0.017369614683771774
157,Returning User,North America,Desktop,0.11564995118070343,0.06983261234355313,0.0248621335298011,0.005921214983309161
158,Returning User,Asia,Desktop,0.4713458356099747,0.25,0.24724465706995136,0.028170948512059885
159,New User,Asia,Desktop,0.8618923132419374,0.25,0.24737694013668457,0.030939859361812896
160,Returning User,North America,Mobile,0.6176906431847036,0.25,0.25,0.01936549501351697
161,New User,Asia,Mobile,0.4971109430398408,0.25,0.25,0.03526671134980072
162,Returning User,North America,Desktop,0.46056637561875985,0.25,0.24821754456182518,0.044391179342773104
163,Returning User,North America,Mobile,0.5033698839218069,0.25,0.25,0.0499559924821521
164,Returning User,Europe,Desktop,0.5820678672762815,0.25,0.25,0.029578646897970295
165,New User,North America,Desktop,0.32287807770367327,0.25,0.239607204819793,0.023810875497090184
166,Power User,Asia,Mobile,0.6671482542003309,0.25,0.20165297922691516,0.07121280932496635
167,New User,Asia,Desktop,0.6073071973161867,0.25,0.24212021439051495,0.021710909056034632
168,New User,Europe,Desktop,0.6077278588561902,0.25,0.23990839163766592,0.007481488383146809
169,New User,North America,Mobile,0.5657713608214591,0.25,0.25,0.008271857452082079
170,Returning User,North America,Desktop,0.5029424986540985,0.25,0.25,0.02857832430660609
171,Returning User,Europe,Desktop,0.6009291853950229,0.25,0.21461892635102148,0.0056415786708067205
172,New User,Asia,Mobile,0.5887721200612067,0.25,0.25,0.01285111626953711
173,Returning User,Europe,Desktop,0.44689389335884644,0.25,0.25,0.0414482067734538
174,New User,North America,Mobile,0.4139597340654649,0.25,0.25,-0.017868807767479213
175,Returning User,Europe,Desktop,0.515278444289298,0.25,0.25,0.048017231526917725
176,New User,Europe,Mobile,0.732353022724278,0.25,0.25,0.03183561328054739
177,Returning User,Europe,Mobile,0.31413393865191486,0.25,0.25,0.01810353076254286
178,New User,North America,Mobile,0.279871210137134,0.2053151003219424,0.21696446048464588,0.023150862418077144
179,Power User,Europe,Desktop,0.5247141261854775,0.25,0.25,0.0500472159035949
180,New User,Europe,Mobile,0.5076331552784027,0.25,0.2100166780756105,0.033449855526580245
181,New User,Asia,Mobile,0.5260012496555613,0.25,0.23951682018349132,0.029740247141549117
182,New User,North America,Mobile,0.5365929796862751,0.25,0.22682293753731278,-0.006001060847745137
183,Power User,Europe,Mobile,0.4665196618047792,0.25,0.25,0.058808936201962654
184,Power User,Asia,Mobile,0.7234795157903123,0.25,0.25,0.04691558219535129
185,New User,North America,Desktop,0.25986440322852267,0.25,0.23209077139836778,0.0162424885577715
186,Returning User,Asia,Desktop,0.3757254462829631,0.25,0.17829086897591687,0.014077421485452768
187,Power User,Europe,Desktop,0.4845117859776429,0.25,0.2376333776492659,0.07622205603681254
188,Returning User,North America,Desktop,0.2535216783268749,0.21190922443691212,0.23931343639743433,0.04060092729853864
189,Returning User,North America,Desktop,0.4736218393351893,0.25,0.25,0.013903432540405493
190,New User,Europe,Desktop,0.7492205248592028,0.25,0.25,-0.005019159103653487
191,New User,North America,Desktop,0.5031329732443943,0.25,0.2416002009437656,0.009214910535332277
192,Power User,Europe,Mobile,0.5346051358578026,0.25,0.2116290779134064,0.05651753969136959
193,Power User,North America,Desktop,0.310975285224113,0.21700212038380762,0.23246095003254164,0.053603087659193346
194,Returning User,Europe,Mobile,0.4075457887940784,0.25,0.22497154569896127,0.04379699237152365
195,New User,North America,Mobile,0.44372054295140945,0.25,0.25,0.026848795832712782
196,New User,Asia,Desktop,0.4523427354865649,0.25,0.25,0.0295435353862936
197,Returning User,Asia,Mobile,0.6922465692505653,0.25,0.23258055092338148,0.029902831009156562
198,Power User,Asia,Mobile,0.5836536591087687,0.25,0.23165844257834114,0.02916051904683515
199,Power User,Europe,Mobile,0.3332813064594452,0.24625660086967385,0.2434682746712662,0.04706452203279648
200,Returning User,North America,Mobile,0.5369757167648007,0.25,0.2428149423393475,0.040901346098629984
201,Returning User,Europe,Desktop,0.5747332622745178,0.25,0.25,0.024227156072130312
202,New User,North America,Desktop,0.67102235577819,0.25,0.25,0.022546355529356202
203,New User,North America,Desktop,0.737081102985256,0.25,0.22805104783274416,0.010218775271308003
204,Power User,North America,Desktop,0.3477358712258197,0.2168602949005049,0.25,0.03455282227187233
205,Returning User,North America,Desktop,0.3783713733184493,0.25,0.25,0.023149839039308343
206,New User,Europe,Desktop,0.31136332116280757,0.25,0.25,0.019635711645489808
207,New User,Europe,Desktop,0.4648970211339528,0.25,0.23175320477665723,0.0051646842080783455
208,Returning User,North America,Desktop,0.5699537561669502,0.25,0.25,0.021464331327149973
209,New User,North America,Desktop,0.6481001774883652,0.25,0.25,0.00090805137021026
210,New User,Asia,Desktop,0.4886073464536216,0.25,0.19331052123711542,0.031788673763461436
211,Returning User,North America,Mobile,0.4520228715117734,0.25,0.25,0.020583163636179493
212,Returning User,North America,Desktop,0.5227636988373111,0.25,0.25,0.04679133317689275
213,Returning User,North America,Mobile,0.37472856475549654,0.25,0.23808414051562038,0.047931217758113626
214,New User,Europe,Mobile,0.813430808254216,0.25,0.21693190778632435,0.013784310529173843
215,Returning User,Europe,Mobile,0.25885084593229124,0.25,0.25,0.009873269011789757
216,New User,North America,Mobile,0.5277110868343586,0.25,0.25,-0.01628846816600006
217,New User,North America,Desktop,0.8035409328844458,0.25,0.25,-0.007080556095401872
218,Returning User,Europe,Mobile,0.5010199766839997,0.25,0.25,0.004392477626520102
219,Returning User,Europe,Desktop,0.47149414474977586,0.25,0.25,0.04567704441192257
220,Power User,North America,Desktop,0.4463831865784359,0.25,0.25,0.0517373688084042
221,Returning User,Asia,Mobile,0.47294124773563884,0.25,0.25,0.030844067861379817
222,Returning User,North America,Desktop,0.7059272712014795,0.25,0.21851033503270176,-0.008306315134026888
223,New User,North America,Mobile,0.16822071330057398,0.10603689413982584,0.1469137797211994,-0.0029694964382589242
224,New User,Asia,Mobile,0.7300150551944489,0.25,0.25,0.028306196646694304
225,New User,North America,Desktop,0.2864064271324782,0.25,0.25,0.019301611685738792
226,New User,Europe,Desktop,0.4600021506148378,0.25,0.21629517900281206,0.01279192081971604
227,Power User,North America,Mobile,0.4356133369552007,0.25,0.25,0.05847263537900184
228,New User,North America,Desktop,0.588282990465608,0.25,0.18753703890433038,0.03953696709203722
229,Power User,Asia,Desktop,0.2602813472174379,0.25,0.25,0.04668436304694425
230,Returning User,North America,Desktop,0.5693258999122914,0.25,0.23355399105499683,0.02604054703987104
231,Returning User,Asia,Mobile,0.8036464434930279,0.25,0.25,0.027888953780969578
232,Returning User,North America,Mobile,0.2955238993110785,0.25,0.22676155089944255,0.060881644529109886
233,Returning User,North America,Desktop,0.5284559251415594,0.25,0.19932450886098216,-0.006490343966285381
234,Returning User,North America,Desktop,0.40070267333050863,0.25,0.23586208777892442,0.03524834522183212
235,New User,Europe,Desktop,0.5638830809289553,0.25,0.19073536686348588,0.013277966268614045
236,Returning User,North America,Desktop,0.5028721666123628,0.25,0.25,0.033501575892762696
237,New User,Asia,Desktop,0.4037769636433536,0.25,0.1880475086123104,0.0051394116900791344
238,New User,North America,Mobile,0.573180842730661,0.25,0.25,0.014265524537123245
239,Returning User,Asia,Desktop,0.7706522164680114,0.25,0.1876656454043141,0.035671158691982424
240,New User,North America,Mobile,0.4713644312409052,0.25,0.24039106586390074,0.061693653015657615
241,Power User,Asia,Desktop,0.6079636913222273,0.25,0.25,0.06212054284103107
242,Power User,Europe,Mobile,0.30600905631932546,0.25,0.25,0.037279016029542374
243,Power User,Europe,Desktop,0.3565345434772987,0.25,0.22409519185105198,0.04364360476965946
244,New User,Asia,Mobile,0.5708609416820566,0.25,0.2490638953318275,0.008198788374242188
245,New User,Europe,Desktop,0.7226174042803948,0.25,0.25,-0.011934647589450224
246,Power User,Europe,Mobile,0.553342002317849,0.25,0.25,0.045048647124478446
247,Returning User,North America,Mobile,0.4530412954215268,0.25,0.2089942491015752,0.035992436227326174
248,Power User,North America,Mobile,0.4998937108135031,0.25,0.25,0.030886518213848076
249,Power User,Asia,Mobile,0.31243883990454235,0.21544210265216193,0.13431035370407868,0.0657272397657589
250,Power User,Europe,Mobile,0.590677298953305,0.25,0.2311034634290857,0.057316622316265074
251,New User,Europe,Mobile,0.6323499593485113,0.25,0.23535178472645366,0.003986500170434433
252,New User,North America,Desktop,0.432186450075038,0.25,0.25,0.012877055439932289
253,Power User,North America,Mobile,0.4294936778360748,0.25,0.25,0.0739748271146155
254,New User,North America,Desktop,0.5398817344478073,0.25,0.2078331083843114,0.026003217202587987
255,New User,Europe,Desktop,0.4344920395939107,0.25,0.22045020622548955,0.015131754823472216
256,Returning User,North America,Desktop,0.49008010780612665,0.25,0.25,0.021434750245585235
257,Power User,North America,Desktop,0.8149582683749773,0.25,0.2476279797440633,0.051149136056774895
258,Returning User,North America,Desktop,0.4629461448881005,0.25,0.23262627671092762,0.01732354663086545
259,Returning User,North America,Mobile,0.44624897719681667,0.25,0.23557498631464063,-0.006571242585785217
260,New User,Europe,Mobile,0.40286872915472616,0.25,0.25,0.04563266865802096
261,Returning User,North America,Mobile,0.6116287957249905,0.25,0.23446922281392357,0.027329874987991023
262,Power User,Europe,Desktop,0.47281637401728455,0.25,0.2473572626791278,0.05597220897683806
263,New User,North America,Mobile,0.40259404425178613,0.25,0.25,0.014131383751846369
264,Returning User,North America,Mobile,0.6981956048409518,0.25,0.2072895208934823,0.013973247989131183
265,Power User,North America,Mobile,0.7129404506770456,0.25,0.19444471805276026,0.04721113278576844
266,Returning User,North America,Mobile,0.40993646513919424,0.25,0.25,0.0010090785670853336
267,Returning User,North America,Mobile,0.22001900729590756,0.22077373981125314,0.20041444797243005,0.05915629747079957
268,Returning User,North America,Desktop,0.6511270534755383,0.25,0.2404528741677214,0.0064823200236640635
269,New User,Europe,Mobile,0.3973055261359994,0.25,0.22656530865606658,-0.00047949425770769244
270,New User,North America,Desktop,0.6185938398744153,0.25,0.24220599577697463,0.008396111934203993
271,Power User,Europe,Desktop,0.2044844273432247,0.17139788537518114,0.21935402873807136,0.06932113587278567
272,Power User,Asia,Desktop,0.6338896007448964,0.25,0.25,0.050217634988939816
273,Power User,Europe,Desktop,0.31832421060788285,0.25,0.25,0.03145796305954307
274,Power User,North America,Desktop,0.6096146178599786,0.25,0.20751318832622062,0.06881507541136009
275,Returning User,North America,Mobile,0.5021409601754652,0.25,0.2154653879034139,0.035965009401782225
276,Returning User,North America,Mobile,0.3569090870905033,0.25,0.1648276402154372,0.03307652435824679
277,Returning User,North America,Mobile,0.4389445530609829,0.25,0.22571857536751738,0.03573601361756261
278,Returning User,Asia,Desktop,0.6029477685435051,0.25,0.25,0.06091542850873676
279,Returning User,North America,Mobile,0.5158841679672851,0.25,0.25,0.057776423425541686
280,Returning User,North America,Mobile,0.5876619470708726,0.25,0.24335460211143628,0.014699269854950573
281,Power User,Europe,Desktop,0.7964660876773229,0.25,0.24933099148845841,0.07435827489216729
282,New User,Europe,Desktop,0.2653637582433423,0.25,0.22933343372273784,0.020747522846383502
283,New User,Europe,Desktop,0.7425818862452935,0.25,0.25,0.02248643724206624
284,New User,North America,Desktop,0.5156533906284819,0.25,0.25,-0.01038406247464993
285,Returning User,North America,Mobile,0.36518239275153075,0.25,0.20152339637768582,0.02244421351917706
286,New User,Europe,Desktop,0.3004529561391516,0.23244954961993716,0.2414389802550576,0.002807646144951525
287,Returning User,North America,Desktop,0.471631941383445,0.25,0.25,0.03742088222339964
288,Returning User,North America,Mobile,0.6382475167886689,0.25,0.2375469913310989,0.04106620750604208
289,New User,North America,Mobile,0.48086763194336984,0.25,0.25,-0.01611729526524467
290,Returning User,North America,Desktop,0.7266732395371021,0.25,0.25,0.024669477039935946
291,New User,North America,Mobile,0.28232364649226616,0.22534249092116418,0.22221220713155743,0.03182792257191378
292,New User,North America,Desktop,0.4981866578230918,0.25,0.25,0.012199815565298325
293,Power User,Europe,Desktop,0.31214098333803214,0.25,0.22785828749015824,0.06093595467503547
294,New User,Europe,Mobile,0.5545447823937452,0.25,0.25,0.02026748201440626
295,New User,Asia,Mobile,0.633033108514595,0.25,0.25,0.020124903479289392
296,Returning User,North America,Desktop,0.436885730947842,0.25,0.25,0.02093027532897554
297,Returning User,North America,Desktop,0.10936792150592989,0.11964456096495248,0.08905370137368677,0.006751287937964357
298,New User,North America,Desktop,0.5298422220194742,0.25,0.25,-0.001822952211375413
299,Returning User,Europe,Mobile,0.5655107827600264,0.25,0.25,0.035640287716829755
300,New User,Europe,Desktop,0.5606442132442546,0.25,0.25,0.015291873832783246
301,New User,North America,Desktop,0.6853673287733231,0.25,0.25,0.012922316330891628
302,Returning User,Asia,Desktop,0.3393419480526427,0.21177764801236887,0.20466728891199004,0.018641649365164714
303,Returning User,North America,Desktop,0.6020324158175674,0.25,0.25,0.020422167317788724
304,Returning User,Europe,Desktop,0.6788761268716963,0.25,0.25,0.04070367691732209
305,Returning User,Europe,Mobile,0.23321186239902247,0.18107512975453377,0.1525478078639168,0.0199713387719796
306,Power User,Asia,Desktop,0.5479477738878465,0.25,0.25,0.029884029300476473
307,Returning User,Europe,Desktop,0.4243730253488493,0.25,0.2202491000967907,0.0361547766331026
308,New User,Asia,Desktop,0.4877715990347531,0.25,0.23101359175345623,0.01192685004202924
309,Returning User,North America,Desktop,0.5521514725307505,0.25,0.25,0.02547093798299165
310,New User,Asia,Mobile,0.42691571538296713,0.25,0.25,0.03911367459599266
311,Returning User,North America,Mobile,0.39864378812575824,0.25,0.21432302604768613,0.024691591639742393
312,New User,Asia,Mobile,0.5051228626232037,0.25,0.25,0.01933775509678088
313,New User,Europe,Desktop,0.3369131091705796,0.25,0.25,-0.0026838523694748782
314,Power User,Asia,Desktop,0.3371262306672222,0.25,0.2288581469316735,0.0467049582147356
315,Power User,North America,Mobile,0.6019059924434755,0.25,0.20387245610652474,0.05914289067812902
316,Returning User,Europe,Mobile,0.3276808947262016,0.25,0.24565286262755706,0.0016693939923813662
317,Returning User,Europe,Mobile,0.5999468751363818,0.25,0.23662168858416519,0.028012676396735645
318,New User,Europe,Desktop,0.5693886939280927,0.25,0.25,0.016511866089672093
319,New User,North America,Desktop,0.24112899068141053,0.24342441225422518,0.23253091241955817,0.01561931183381159
320,New User,North America,Mobile,0.3983653021496517,0.25,0.1897762941776497,0.030557383479873648
321,Returning User,North America,Mobile,0.6791164104571059,0.25,0.23834959185096524,0.030016577722727825
322,Returning User,North America,Mobile,0.35282517032904775,0.25,0.2408314266679506,0.047171078475346656
323,Returning User,Asia,Desktop,0.43033936065359185,0.25,0.25,0.01009615726608946
324,New User,North America,Desktop,0.5693091339877845,0.25,0.2290540097616685,0.01703886850827522
325,Power User,Asia,Desktop,0.6175085763923893,0.25,0.25,0.05126700179584921
326,Returning User,North America,Mobile,0.46226916709332566,0.25,0.19265078348044729,0.0089611825936738
327,Returning User,North America,Mobile,0.41037347079625375,0.25,0.25,0.039344425031370193
328,Returning User,Europe,Desktop,0.7133554792547762,0.25,0.24327043087365685,0.05987009958779227
329,Returning User,Europe,Mobile,0.7608349495696368,0.25,0.25,0.024744908882742535
330,New User,North America,Desktop,0.6468287076172693,0.25,0.25,0.022575316324106504
331,New User,Europe,Mobile,0.5127977213847537,0.25,0.25,0.01626777713722991
332,Returning User,Europe,Mobile,0.3787601417538611,0.25,0.23837914106341565,0.014296229951392365
333,New User,North America,Mobile,0.3754333390165152,0.25,0.21704138724466565,-0.012311404167030242
334,New User,Asia,Mobile,0.5783771157898636,0.25,0.25,0.004413397753569522
335,New User,Asia,Desktop,0.5627597331333025,0.25,0.24659558062353576,-0.005879375714275971
336,New User,Europe,Mobile,0.7102397889419644,0.25,0.25,0.04056153117088676
337,Power User,North America,Desktop,0.5975675138804208,0.25,0.25,0.04827335459115142
338,Returning User,Europe,Desktop,0.2745379547360273,0.25,0.21904134273716697,0.019811210064292442
339,Returning User,North America,Desktop,0.6577921426584378,0.25,0.25,0.03833730737181709
340,New User,North America,Mobile,0.35029090590283807,0.25,0.23230315730611328,-0.0018262665428383194
341,Returning User,North America,Desktop,0.44240430920714724,0.25,0.24603491933066884,0.013497039429931716
342,Returning User,North America,Desktop,0.5375300309377542,0.25,0.25,0.026021084038729318
343,New User,Asia,Desktop,0.7993501234675946,0.25,0.20499334415659193,0.03043153487135221
344,Returning User,Europe,Mobile,0.9664877834008041,0.25,0.22663488871538695,0.03252527567753182
345,New User,Europe,Mobile,0.5910084588704274,0.25,0.25,0.01872487713773823
346,Returning User,North America,Desktop,0.47252050719194183,0.25,0.25,0.026171766028540246
347,Returning User,North America,Mobile,0.5801758472720825,0.25,0.24812081268018296,0.031003537832901627
348,New User,North America,Desktop,0.6331483138810754,0.25,0.25,0.01802479357693882
349,New User,Asia,Desktop,0.45189985616642125,0.25,0.24117272483090627,-0.00044958412165403694
350,Returning User,North America,Mobile,0.7692817033868483,0.25,0.25,0.025691188324497273
351,Returning User,Asia,Desktop,0.5345106138787104,0.25,0.24398942266617507,0.008894670116233714
352,Power User,Europe,Mobile,0.5746614633637092,0.25,0.25,0.05121623814351236
353,Returning User,North America,Mobile,0.5998886378081691,0.25,0.25,0.01779028087767638
354,New User,Europe,Desktop,0.5632379915921684,0.25,0.2266788554546228,0.05309072434174292
355,New User,North America,Mobile,0.6258410750704418,0.25,0.25,0.01440158424372432
356,Returning User,Asia,Mobile,0.4074120220179615,0.25,0.2040861577076987,0.0039364065060761705
357,New User,Asia,Desktop,0.41625473690809545,0.25,0.25,0.01298729683984613
358,Returning User,North America,Desktop,0.33497686505424573,0.21905011865386204,0.2078698511353028,0.032790381184568326
359,Power User,North America,Mobile,0.565925184593034,0.25,0.24271903756524155,0.07510045919228786
360,Returning User,Europe,Mobile,0.6168404755268171,0.25,0.1932996948645117,0.016158214000919227
361,New User,Asia,Desktop,0.5686659299227829,0.25,0.23635615847866923,-0.008736419610354599
362,Returning User,North America,Mobile,0.7511738650021306,0.25,0.21880580406919348,0.03725255517146472
363,Returning User,Europe,Mobile,0.49916059717564304,0.25,0.2317706096387958,0.004291019411505236
364,Returning User,Europe,Mobile,0.6003112483388768,0.25,0.24588067102633362,0.018457668377387725
365,Power User,Europe,Mobile,0.33624486857910285,0.25,0.25,0.04613569271733509
366,New User,North America,Mobile,0.44193504462883987,0.25,0.25,0.013955498200498377
367,Power User,Europe,Mobile,0.6043306636348666,0.25,0.25,0.06033746685611503
368,Power User,Asia,Mobile,0.6273653166114717,0.25,0.21713441833463312,0.03974548576570419
369,New User,North America,Desktop,0.45590495785037266,0.25,0.2235773773119181,0.010894061217498589
370,New User,North America,Desktop,0.48926011222128996,0.25,0.25,0.014785944705759172
371,New User,Asia,Desktop,0.2723189379978786,0.25,0.22794396895710262,0.01724396936278182
372,New User,North America,Desktop,0.4464456198790086,0.25,0.25,0.01646740762061884
373,New User,Asia,Desktop,0.633557474527968,0.25,0.242708164033574,0.021540086628338697
374,Returning User,North America,Mobile,0.586280752415985,0.25,0.25,0.03765759264462606
375,New User,North America,Mobile,0.5750998582071815,0.25,0.25,0.02088951173476452
376,New User,Asia,Mobile,0.507466053077144,0.25,0.25,0.021803782852638277
377,Power User,North America,Mobile,0.5010594737942264,0.25,0.24667562319162736,0.026266652498802837
378,New User,Europe,Desktop,0.40095182907898297,0.25,0.23835270839435382,0.015753415487485205
379,Power User,North America,Mobile,0.6048242630303802,0.25,0.2483223865443336,0.057192613220024134
380,New User,Europe,Mobile,0.5631459416584085,0.25,0.25,0.02593411791855675
381,New User,North America,Desktop,0.5738028271989198,0.25,0.25,0.004614738386493086
382,Returning User,North America,Mobile,0.4210947735998629,0.25,0.25,0.015114410876670327
383,Returning User,Asia,Mobile,0.17699856201931335,0.17682750944149161,0.19539409838218622,0.016388489870746027
384,Power User,North America,Desktop,0.6645729067630544,0.25,0.25,0.05804620849837015
385,Returning User,Europe,Mobile,0.4281743815987394,0.25,0.25,0.04050821582386313
386,Power User,North America,Mobile,0.3705836353935319,0.25,0.25,0.043888098390625976
387,New User,Europe,Mobile,0.6040218367870991,0.25,0.20443267524729797,0.028619434704405734
388,New User,North America,Mobile,0.44119810401213055,0.25,0.1710780958951281,0.016852197137468914
389,Returning User,Asia,Mobile,0.6589904576069933,0.25,0.25,0.02313571334256346
390,Power User,North America,Desktop,0.5925508924365046,0.25,0.24715527306157384,0.04682923655273047
391,Power User,North America,Desktop,0.6025353984800716,0.25,0.23455651975255773,0.06119917046903236
392,Returning User,North America,Desktop,0.29510664331991987,0.24824852749143478,0.25,0.02988366725180605
393,New User,North America,Desktop,0.6817915978079601,0.25,0.24818788812409276,0.04913738141471456
394,Returning User,Europe,Desktop,0.5391875796850784,0.25,0.25,0.01221663035504014
395,New User,North America,Desktop,0.4446084291130695,0.25,0.25,0.022771525530449636
396,Power User,Asia,Mobile,0.5215082701013377,0.25,0.22759230144789497,0.04206198485282731
397,Power User,North America,Desktop,0.233564715065252,0.23993688076425945,0.25,0.03696069519517035
398,Returning User,North America,Desktop,0.5612979217221006,0.25,0.24348606775161394,0.02483699294447542
399,Returning User,Europe,Mobile,0.34559427377268925,0.25,0.25,0.027060287191105543
400,Returning User,Europe,Mobile,0.29709945712346986,0.18055877303772253,0.1662364518519385,0.06877260332590138
401,New User,North America,Desktop,0.2716461220673163,0.25,0.23050519343507692,0.012237812764751969
402,Power User,North America,Mobile,0.6669032562484888,0.25,0.25,0.03304731905772975
403,Returning User,North America,Desktop,0.4056104909460817,0.25,0.25,0.029095160762415785
404,Power User,Europe,Mobile,0.7300591564874749,0.25,0.25,0.01888039943680448
405,New User,Europe,Desktop,0.41962978054215533,0.25,0.24194062740070774,0.013620648260936011
406,Power User,North America,Mobile,0.24389630636105802,0.15878474676858373,0.10369395325547182,0.05024037923442741
407,New User,Asia,Mobile,0.3325213340077011,0.25,0.23701678349234834,0.02691900574417817
408,New User,Asia,Desktop,0.6853717430010408,0.25,0.25,0.0296043337414177
409,Power User,Europe,Desktop,0.4766152733094999,0.25,0.2410787176227068,0.04244645571638424
410,New User,Asia,Desktop,0.41775690552640987,0.25,0.24260849792456357,0.012740789780551005
411,New User,North America,Desktop,0.5240027338779182,0.25,0.25,0.0035081875408399365
412,Power User,North America,Desktop,0.5752674104251317,0.25,0.22864080318223232,0.033079061677884596
413,Power User,North America,Mobile,0.6676098223853691,0.25,0.203715903452713,0.05464842169070952
414,Returning User,North America,Desktop,0.717274884483939,0.25,0.24518106641423518,0.005896216771051014
415,Returning User,Europe,Desktop,0.4460347031316371,0.25,0.2354747814625379,0.018780596491422056
416,Returning User,Asia,Mobile,0.30109284708769424,0.25,0.2210126104074024,0.01007239060151144
417,New User,North America,Mobile,0.4379802258315086,0.25,0.24473864632303927,0.023245247794353895
418,New User,North America,Desktop,0.5390420759874329,0.25,0.25,0.042021451488997316
419,Returning User,North America,Mobile,0.35543616106840836,0.25,0.24972134315296554,0.0054761802579500335
420,Returning User,Asia,Mobile,0.3564273627657436,0.25,0.25,-0.002795277243463533
421,Returning User,North America,Desktop,0.5515681822324828,0.25,0.25,0.02312669671974899
422,Returning User,Europe,Mobile,0.49270214726443234,0.25,0.23971363415327307,0.025235466939366378
423,New User,North America,Mobile,0.504919549311738,0.25,0.25,0.018279889601359466
424,Returning User,North America,Desktop,0.38622569979498955,0.25,0.23472359912202598,0.01830519227148483
425,New User,Asia,Desktop,0.4654398928691349,0.25,0.22460920840339083,0.011990410517618523
426,Returning User,Asia,Mobile,0.36136502835975437,0.25,0.2324527703974669,0.030512656158109032
427,Returning User,North America,Mobile,0.633529761668718,0.25,0.23563724285434934,0.04060646338967258
428,Power User,Asia,Desktop,0.6552874002085629,0.25,0.25,0.02067426844522576
429,New User,Europe,Mobile,0.22307182066428594,0.15167232058319707,0.22214459418421978,0.009465908414528067
430,New User,Asia,Mobile,0.3605733709711385,0.25,0.2285186969117248,0.01820713190911595
431,New User,North America,Mobile,0.2755206117364881,0.18652621907300926,0.17402745990454538,0.0012303584308389608
432,Returning User,Europe,Desktop,0.4024964098389653,0.25,0.24810630960666255,0.050967544476509495
433,Returning User,North America,Mobile,0.48748430453144587,0.25,0.25,0.015468851796568947
434,New User,Europe,Mobile,0.2825532170452205,0.25,0.25,0.014380609694890757
435,New User,North America,Desktop,0.36172102803120304,0.25,0.25,0.02334033145263436
436,Returning User,North America,Mobile,0.3494063941877752,0.25,0.17720823788394374,0.016130728167971585
437,New User,North America,Mobile,0.5310900994098416,0.25,0.17839210389412982,-0.012698595717066257
438,Power User,Europe,Desktop,0.5104016505554375,0.25,0.23512365483969552,0.043570182096252005
439,Returning User,North America,Desktop,0.39173936699941203,0.25,0.25,0.04044160833890561
440,New User,Europe,Desktop,0.5265231308209097,0.25,0.20303055905183212,0.009946573098222921
441,New User,Asia,Desktop,0.4179979873119102,0.25,0.15977102980918728,0.002303485478115321
442,Power User,North America,Mobile,0.459251733451092,0.25,0.25,0.06388508314254082
443,New User,Europe,Mobile,0.7510178135447805,0.25,0.25,0.01003837655965421
444,New User,North America,Desktop,0.7010691577685522,0.25,0.21729374779601712,0.007347587795246741
445,Power User,Asia,Desktop,0.30506281446086037,0.25,0.2204338119783721,0.05224184134494964
446,Power User,North America,Mobile,0.6244598626818761,0.25,0.22090768841095976,0.06156125314428181
447,Power User,Europe,Desktop,0.6217094831737389,0.25,0.25,0.08
448,Returning User,Asia,Mobile,0.32776050668710727,0.25,0.23121054171450978,0.037408541614861346
449,New User,Asia,Desktop,0.6228166465632291,0.25,0.25,0.032397599495825165
450,New User,Europe,Mobile,0.730689787761883,0.25,0.16436120011286826,0.00741050701518217
451,Returning User,North America,Desktop,0.33161827906333796,0.25,0.22429444404616602,0.009611978410457857
452,Returning User,Europe,Desktop,0.36237457684786045,0.25,0.2162183811726685,0.025934970244286846
453,Returning User,Asia,Mobile,0.6526492200265254,0.25,0.24230977964882525,0.026607548728893943
454,Power User,Europe,Desktop,0.5407242966238472,0.25,0.23385856724529586,0.03382230887953104
455,New User,North America,Mobile,0.5827214412859285,0.25,0.25,0.012370582051439807
456,Returning User,Asia,Mobile,0.5510883824600745,0.25,0.19421989685019828,0.030989764025786966
457,New User,Europe,Mobile,0.5586043881392216,0.25,0.25,0.0204059009252712
458,Returning User,Europe,Mobile,0.30102918075333757,0.22283518793327695,0.2395852806296281,0.03256431780076409
459,New User,North America,Mobile,0.6570976559932172,0.25,0.25,0.019364470952061643
460,New User,Europe,Desktop,0.675438498864166,0.25,0.23554702086719576,0.007394870110949163
461,New User,North America,Desktop,0.46559138838979586,0.25,0.25,0.007291490600267352
462,Returning User,Europe,Mobile,0.49347845752792063,0.25,0.19588411622312907,0.007015729030091861
463,Returning User,North America,Desktop,0.2703338746166417,0.25,0.1782413138706093,0.051771625587776426
464,Returning User,Europe,Mobile,0.5771382134026752,0.25,0.25,0.025201755469289395
465,Power User,Asia,Desktop,0.5858086162571217,0.25,0.24983319119055789,0.046627204163077224
466,New User,North America,Desktop,0.4906713474501033,0.25,0.25,0.0010681187782131188
467,New User,Asia,Desktop,0.6686530039805754,0.25,0.20879791333090753,0.05903486853491667
468,Power User,North America,Desktop,0.44988841535300894,0.25,0.25,0.03390007951665657
469,New User,Asia,Mobile,0.5846908888840401,0.25,0.25,0.0085672811159089
470,Power User,Europe,Mobile,0.34705034919618266,0.25,0.25,0.05623755254429091
471,New User,Europe,Desktop,0.49646717736886425,0.25,0.25,0.024003194486164163
472,Power User,Europe,Desktop,0.47384686131457465,0.25,0.25,0.06436898082823526
473,New User,Asia,Mobile,0.5337961883061413,0.25,0.20287355628622264,0.042114127616538946
474,Power User,North America,Desktop,0.44457096067499624,0.25,0.25,0.057592364831910686
475,Returning User,North America,Mobile,0.48027911064924983,0.25,0.23167427080584801,0.009159538000499987
476,Power User,Europe,Mobile,0.623907075716226,0.25,0.25,0.04614582312317328
477,New User,Asia,Mobile,0.4344853644142674,0.25,0.2031089708028624,0.019617485587708275
478,Returning User,Europe,Desktop,0.25901343488919815,0.25,0.21461621006476658,0.056023390622587356
479,Power User,Europe,Mobile,0.7624375856308131,0.25,0.25,0.029032917823635547
480,Returning User,North America,Desktop,0.707218111803573,0.25,0.2395809313312647,0.043038647578378414
481,Returning User,Asia,Mobile,0.3061605957341572,0.19414526301837182,0.23774352729964815,0.027698715543196254
482,Returning User,North America,Desktop,0.6034561707867792,0.25,0.24765308022824448,0.03756745802844221
483,Returning User,Europe,Desktop,0.4245537844172985,0.25,0.19474306681126427,0.02347007925046102
484,Returning User,North America,Desktop,0.539523082299659,0.25,0.25,0.012363510548105106
485,Returning User,North America,Mobile,0.5441336193520241,0.25,0.23230323046733176,0.03626309169101998
486,Power User,North America,Mobile,0.4648388299525517,0.25,0.25,0.05981646540658432
487,New User,North America,Desktop,0.38243515016204055,0.25,0.25,0.029580854486095827
488,New User,Europe,Desktop,0.39641884215256107,0.25,0.20370645316171387,0.01480043046932047
489,Power User,North America,Desktop,0.36257121267781367,0.25,0.25,0.04100266965020226
490,Power User,North America,Mobile,0.3752266687654333,0.25,0.25,0.02661819507464238
491,Returning User,North America,Mobile,0.4899232564925967,0.25,0.25,0.0372905990220911
492,Returning User,North America,Mobile,0.39263600163338724,0.25,0.2482744674098361,0.03135834223665979
493,New User,North America,Mobile,0.602307809856893,0.25,0.25,0.0005132605070406106
494,New User,North America,Desktop,0.7230869233003892,0.25,0.25,0.006921394900550637
495,Returning User,Europe,Desktop,0.4129920137944936,0.25,0.25,0.017998617820728393
496,New User,Europe,Mobile,0.5359106750803065,0.25,0.21725124483522693,-0.007244766479736271
497,Returning User,Europe,Mobile,0.57495276654544,0.25,0.25,0.012734764050922996
498,New User,North America,Desktop,0.5708003406378912,0.25,0.25,-0.002007455352095313
499,Power User,North America,Mobile,0.5113932901874131,0.25,0.22491813543699926,0.04381281482168095
500,Power User,Asia,Mobile,0.6114023627539583,0.25,0.25,0.03891953752505656
501,Returning User,Europe,Mobile,0.5723373429020986,0.25,0.2472488192756462,0.0005949261869987697
502,Returning User,North America,Mobile,0.31435063665090535,0.25,0.22336691465384378,0.055338853458542225
503,New User,North America,Mobile,0.630373409658391,0.25,0.25,0.03378811096543846
504,Power User,North America,Mobile,0.6330936255900113,0.25,0.24139617292785193,0.038314708677200215
505,Returning User,North America,Desktop,0.3855070843732128,0.25,0.25,0.02908632094980415
506,New User,North America,Mobile,0.5056906753171403,0.25,0.24124724103224388,0.021261976347319425
507,Power User,Europe,Mobile,0.6024993489216603,0.25,0.2482052156941029,0.06786628782160216
508,Power User,Europe,Desktop,0.46860292706309575,0.25,0.25,0.03772092460009882
509,Power User,Europe,Desktop,0.6609467071649018,0.25,0.25,0.0663816017597364
510,Returning User,Europe,Desktop,0.8545808741929042,0.25,0.19013404658644784,0.016781420436895976
511,Returning User,Asia,Mobile,0.3821020951047527,0.25,0.21636268779716825,0.004962063937470802
512,Returning User,Europe,Desktop,0.29284330952693377,0.18650246669219145,0.2143847662359159,0.03586204838971746
513,Power User,Asia,Mobile,0.5455727893407314,0.25,0.24603590233295358,0.06936137636183642
514,Power User,North America,Mobile,0.6082343757689215,0.25,0.23428806091685733,0.08
515,New User,North America,Mobile,0.4653700439232846,0.25,0.20924277954227577,-0.0029958789763532036
516,New User,North America,Desktop,0.7179890994981551,0.25,0.21760791036172455,0.02548379527621183
517,New User,Europe,Desktop,0.2992091300415127,0.20671143665059338,0.14605747745173497,0.008852981343097005
518,Power User,Asia,Desktop,0.6039377934547416,0.25,0.24696157843895403,0.06175038065786047
519,Power User,North America,Desktop,0.409120876886166,0.25,0.2320468725825686,0.027942656731531245
520,New User,Asia,Desktop,0.7579066859310946,0.25,0.22100236327044054,-0.003941546635478462
521,Returning User,North America,Mobile,0.7988773029752178,0.25,0.2479562972449614,0.013361877652502744
522,New User,Asia,Mobile,0.3850015118324978,0.25,0.25,0.016184460685021267
523,Power User,North America,Mobile,0.417566429613713,0.25,0.25,0.040383781001924676
524,Power User,North America,Mobile,0.6289381830469702,0.25,0.2046434974131036,0.0598858151587013
525,Power User,North America,Desktop,0.4419304025315728,0.25,0.25,0.06540341927386872
526,Returning User,North America,Desktop,0.49318831731016427,0.25,0.25,0.03399366311868034
527,Returning User,North America,Mobile,0.5038082630813615,0.25,0.226627217818699,0.04928181459491302
528,New User,North America,Desktop,0.21204902657035157,0.13468064552803946,0.1407777241656204,0.021237399441830146
529,New User,Asia,Desktop,0.4979243380858644,0.25,0.23627100251987154,-0.003253450655102505
530,Power User,Europe,Mobile,0.3965408338903739,0.25,0.25,0.0704506477030751
531,Power User,North America,Mobile,0.4260315766400342,0.25,0.25,0.04092265646591004
532,Power User,Europe,Desktop,0.7165448005203221,0.25,0.25,0.06365627749528355
533,Power User,Europe,Desktop,0.3115239658581116,0.25,0.25,0.0736060132483266
534,Returning User,North America,Mobile,0.6219807780121966,0.25,0.23709072040136073,0.031850320160955986
535,Returning User,North America,Mobile,0.4581555604502287,0.25,0.20547830005226994,0.0025576178025302557
536,Power User,North America,Mobile,0.45803597472562485,0.25,0.24374595368378776,0.03622681750235313
537,Power User,North America,Desktop,0.6185557844077567,0.25,0.25,0.06984116700327704
538,New User,Europe,Mobile,0.5510076941853336,0.25,0.2041849643023106,0.012463159715357754
539,Returning User,North America,Mobile,0.5855919495829296,0.25,0.21834731895469917,0.02619360302413249
540,New User,Europe,Desktop,0.6452276990799292,0.25,0.25,0.026382366242454137
541,Power User,Europe,Desktop,0.4503037425225016,0.25,0.22046035645458212,0.060444842931204855
542,Returning User,North America,Desktop,0.40816448982383746,0.25,0.2262242965865436,0.029181997185781912
543,New User,Europe,Desktop,0.3372274210163303,0.25,0.2372920425481547,0.011869974431693013
544,Returning User,North America,Desktop,0.3761884205031567,0.25,0.20903147787429552,0.020309973314014643
545,Returning User,Asia,Mobile,0.9423641637963087,0.25,0.22077634461350895,0.03786848237937014
546,New User,North America,Mobile,0.686701937110518,0.25,0.25,0.0233035429660169
547,New User,Asia,Desktop,0.2973388450687968,0.25,0.21077890653307108,0.011140499990733155
548,Returning User,Europe,Desktop,0.3016313064884645,0.25,0.20206383596515487,0.04123168469489711
549,Returning User,North America,Desktop,0.5722799092577737,0.25,0.23109925061398318,0.023064488273053244
550,Returning User,Europe,Desktop,0.5820897196066951,0.25,0.25,0.012225067384984103
551,Returning User,Asia,Desktop,0.5823325752976046,0.25,0.2440923457600933,0.01361543951644983
552,Power User,Europe,Mobile,0.4617566309669453,0.25,0.23606256765653144,0.03531888745535351
553,Returning User,Asia,Mobile,0.48118186099956495,0.25,0.25,0.020913849750944694
554,Returning User,Asia,Mobile,0.5491819286239036,0.25,0.19762877701421044,0.043505864175042895
555,Power User,North America,Mobile,0.5128839509439995,0.25,0.25,0.03792357228454237
556,Returning User,North America,Desktop,0.16710494408786974,0.19459840332926756,0.20610145427137688,0.027827136415271545
557,New User,Europe,Mobile,0.46553005541372094,0.25,0.23772074577712837,0.005149659815588802
558,New User,North America,Desktop,0.372289034860953,0.25,0.25,0.011095364380928436
559,Returning User,Asia,Desktop,0.5262817128362768,0.25,0.21617511703140885,0.0023493818202212184
560,Returning User,Asia,Desktop,0.9477888503905114,0.25,0.25,0.02169192656265194
561,Returning User,North America,Mobile,0.5551222498211457,0.25,0.25,0.02209441930292557
562,New User,North America,Desktop,0.4529705470741403,0.25,0.2399034223036548,0.02310431916053543
563,New User,Europe,Mobile,0.6382702252965878,0.25,0.24940379093895065,0.01834921369883056
564,New User,North America,Mobile,0.5724031830813819,0.25,0.24678205702567174,-0.0029758818742806788
565,New User,Asia,Desktop,0.5630141735677762,0.25,0.25,0.03126297366065314
566,Returning User,North America,Desktop,0.5910275889823506,0.25,0.2176996261758696,0.02815454560332993
567,New User,Europe,Desktop,0.8084815347244312,0.25,0.22712442282560205,0.0179759027576623
568,Returning User,North America,Mobile,0.33036673470111266,0.25,0.25,0.024862264699222918
569,Power User,Europe,Desktop,0.5710448115217182,0.25,0.23213395194448422,0.04223363829166671
570,New User,North America,Mobile,0.36104283050276925,0.25,0.25,0.018267035096230892
571,Returning User,Europe,Desktop,0.5833268969513372,0.25,0.25,0.03213382653892874
572,Returning User,North America,Desktop,0.36219702327708586,0.25,0.237946149191751,-0.0012034353701833207
573,New User,Europe,Mobile,0.4373949779592373,0.25,0.25,0.006918587439808565
574,Returning User,Asia,Mobile,0.45573651286431405,0.25,0.21538923155980425,0.021175795443946162
575,Power User,North America,Mobile,0.6463725079017064,0.25,0.25,0.053842559085414174
576,Power User,North America,Mobile,0.637768166591362,0.25,0.25,0.0678996650889069
577,New User,North America,Mobile,0.3131423935330423,0.25,0.25,0.0034238877810482647
578,Power User,Europe,Mobile,0.5082401166499773,0.25,0.23063283783893815,0.04253057229773237
579,Returning User,Europe,Desktop,0.3935630217876241,0.25,0.20016749753298482,0.017311988340301752
580,New User,Europe,Desktop,0.3112242633986998,0.19692380543911925,0.2120213673816044,0.0029770861484318765
581,Returning User,North America,Mobile,0.46744744243634445,0.25,0.18809790542561636,0.019792202573316063
582,Power User,North America,Desktop,0.453727581731627,0.25,0.24047948523272394,0.061562033299819574
583,Returning User,Europe,Mobile,0.8640074729518283,0.25,0.25,0.009192467569534818
584,New User,North America,Desktop,0.5649439738041044,0.25,0.25,0.021417215927293547
585,Returning User,Asia,Desktop,0.2933573748868644,0.25,0.25,-0.0005285334502750302
586,New User,North America,Mobile,0.41528389937435867,0.25,0.25,0.006579930053366911
587,New User,Europe,Mobile,0.6532074943144097,0.25,0.2303830483502327,0.010057660496730209
588,New User,North America,Mobile,0.8132664159304888,0.25,0.25,0.040122895093710975
589,New User,North America,Desktop,0.2621025031643063,0.2497313378945904,0.24831021681825732,0.010877965428709679
590,New User,Europe,Mobile,0.21801134222914326,0.17699506619495378,0.12952976329456997,-0.018018652101763774
591,New User,Europe,Desktop,0.7806447763057673,0.25,0.2217880325054694,-0.014983333602918748
592,Returning User,Asia,Mobile,0.5584421266056356,0.25,0.23317717279060418,0.025510443795200215
593,New User,North America,Desktop,0.36975609021854505,0.25,0.1889133849143219,0.02420656283684863
594,New User,North America,Desktop,0.5801943629183652,0.25,0.25,0.02063183786440879
595,Power User,Europe,Mobile,0.10463783914746833,0.11202979972794166,0.10455764438835044,0.05251355158701486
596,Returning User,Europe,Desktop,0.5005063259895741,0.25,0.19981318296065279,0.042433893962585005
597,Returning User,North America,Desktop,0.5491731759264628,0.25,0.25,0.016906131688943025
598,New User,North America,Mobile,0.6386405209306745,0.25,0.25,0.028423658340402377
599,New User,North America,Desktop,0.34791560715611936,0.25,0.25,-0.00948022327539626
600,New User,Asia,Mobile,0.5128530742105039,0.25,0.2402779547437309,0.0014257825059290057
601,New User,North America,Mobile,0.36118630609106195,0.25,0.25,-0.012105620923977243
602,New User,North America,Mobile,0.5383075633511476,0.25,0.25,0.010877320489953116
603,New User,North America,Mobile,0.36569805164554636,0.25,0.25,0.014306081741004862
604,New User,North America,Desktop,0.4387848741259669,0.25,0.2252616324869572,0.0167115223833978
605,New User,North America,Desktop,0.3506276907814656,0.22291234627606124,0.23121036924139665,0.015928250293307026
606,Returning User,Europe,Desktop,0.5976704362735485,0.25,0.25,0.011086700037824082
607,New User,North America,Mobile,0.6287676674984998,0.25,0.23210112824164808,0.012146387333801764
608,New User,Asia,Desktop,0.46480691450638795,0.25,0.25,-0.007461700029086228
609,Returning User,North America,Desktop,0.5057356992440043,0.25,0.23423107198043847,0.04544843462698375
610,Returning User,Europe,Mobile,0.28271128780496835,0.25,0.25,0.020445608906529987
611,New User,Asia,Mobile,0.45504850279898196,0.25,0.2298254321198099,0.007666708214344631
612,Returning User,Europe,Desktop,0.4924693074437383,0.25,0.25,0.048834104926661244
613,Returning User,Europe,Mobile,0.8931189636544963,0.25,0.19773334922094174,0.0063663019967615635
614,New User,North America,Mobile,0.33320494613387547,0.2368005685837138,0.22041931461921216,-0.0018838067104795346
615,Power User,North America,Mobile,0.7196265858128656,0.25,0.217236363989543,0.03355669512697153
616,Power User,Europe,Mobile,0.6495288160198712,0.25,0.25,0.04898192927450777
617,New User,Asia,Desktop,0.5420954606735204,0.25,0.25,0.02147447444456396
618,New User,Europe,Mobile,0.76379307262927,0.25,0.25,0.026095132021767505
619,Power User,Europe,Mobile,0.5558158208910294,0.25,0.17885021917423322,0.08
620,Returning User,Europe,Mobile,0.5583738793501893,0.25,0.25,-0.008741486813011456
621,New User,North America,Mobile,0.4920319020473682,0.25,0.25,0.024131033836866253
622,New User,North America,Mobile,0.6835353323627942,0.25,0.22670502578520998,0.006643041411416532
623,New User,Europe,Mobile,0.6644703850716326,0.25,0.25,0.006203772766668399
624,Returning User,Asia,Mobile,0.40614840687556814,0.25,0.25,0.015703418076191838
625,Returning User,North America,Mobile,0.3021129208101849,0.19251386069887924,0.17250839919033234,0.011368454937880402
626,New User,Europe,Desktop,0.46955290439065145,0.25,0.25,0.04026787251905178
627,Returning User,North America,Mobile,0.37999421534035305,0.25,0.2317758313713908,0.03763445990520854
628,Returning User,Europe,Desktop,0.4904713138076967,0.25,0.2378691402192993,0.025347939678360625
629,New User,North America,Mobile,0.6856157202026208,0.25,0.22941162592734746,0.035265236287305005
630,New User,North America,Mobile,0.4314047517369815,0.25,0.20701986130781042,-0.007687934479483134
631,Returning User,Europe,Mobile,0.49357649280326377,0.25,0.25,0.00503942303003611
632,Power User,North America,Mobile,0.5087034102212593,0.25,0.25,0.017330484017079685
633,Returning User,Europe,Desktop,0.6272646323307927,0.25,0.25,0.01450878189815069
634,Returning User,Europe,Mobile,0.16296659990230922,0.10208871812052005,0.12668647569957708,0.027425477900571295
635,New User,Asia,Mobile,0.4089949557852055,0.25,0.25,0.01654287866898501
636,Returning User,North America,Desktop,0.5316925538419209,0.25,0.2340182350534929,0.027240128665898207
637,Returning User,North America,Desktop,0.6800118434640292,0.25,0.25,0.0038341475340087743
638,New User,North America,Mobile,0.42621463287406924,0.25,0.20927447380474196,0.02704732113921033
639,New User,Asia,Desktop,0.2185170940937189,0.25,0.2229798585246256,0.018594412773584968
640,New User,Asia,Desktop,0.5929567168949205,0.25,0.22107399785730267,0.025995814221989974
641,New User,Europe,Desktop,0.40469564167615557,0.25,0.25,-0.013391432663850778
642,New User,Asia,Mobile,0.32155000113644583,0.20782179094109163,0.2361054463652939,0.019672362881966846
643,New User,Europe,Mobile,0.4063481915430164,0.25,0.25,-0.0028164785987629046
644,New User,Europe,Mobile,0.47232119635162256,0.25,0.25,0.009040151211729571
645,New User,North America,Desktop,0.4092883003192681,0.25,0.22362151652764037,0.023015473479545752
646,Power User,Europe,Mobile,0.16916509143513964,0.15413257614782336,0.16459042974365276,0.0513664040938387
647,Returning User,North America,Desktop,0.6345599295330698,0.25,0.24624476714850507,0.01222690030331022
648,Returning User,Asia,Mobile,0.6912312561918084,0.25,0.25,0.025094097342766276
649,Returning User,Europe,Mobile,0.5977282987009258,0.25,0.24654327302343407,0.0020269702713453554
650,Returning User,Europe,Desktop,0.3293471494362775,0.25,0.23845171334769757,0.042254010938474446
651,New User,North America,Mobile,0.4697762699078723,0.25,0.25,0.01192073970755623
652,Returning User,North America,Desktop,0.4990218027155813,0.25,0.25,0.04177824916382989
653,Returning User,North America,Desktop,0.5898191584342866,0.25,0.22994964415459596,0.017102024693559356
654,Returning User,North America,Mobile,0.6002510733077121,0.25,0.24816772985942873,0.017146360173901257
655,Returning User,North America,Desktop,0.38987393018322564,0.25,0.21824678099075043,0.013537198200432305
656,New User,Asia,Mobile,0.512299333462034,0.25,0.1750581694752118,0.02814260897539613
657,New User,Europe,Mobile,0.5685920606922862,0.25,0.25,0.004358532640072863
658,New User,North America,Desktop,0.7183733483220149,0.25,0.25,0.024668931486227647
659,Returning User,North America,Mobile,0.6056759809737084,0.25,0.25,0.019263214034960646
660,Returning User,North America,Desktop,0.6183585031063279,0.25,0.191513148467369,-0.004639449498374294
661,New User,Europe,Mobile,0.5125739941894042,0.25,0.23947451709770576,0.006445288983203009
662,Power User,Europe,Mobile,0.7115688717805255,0.25,0.18344956719846756,0.032313376784557285
663,Returning User,Asia,Mobile,0.5614644193939247,0.25,0.25,0.025508540855235063
664,New User,North America,Mobile,0.37083681347396447,0.25,0.2174183625364574,-0.0028561160351173523
665,New User,Asia,Mobile,0.7105054955187786,0.25,0.25,0.02888962651071925
666,New User,Asia,Desktop,0.6046854908808541,0.25,0.25,0.013633862094704591
667,New User,North America,Desktop,0.4335433968307277,0.25,0.22298228942391815,0.012336060078618915
668,New User,Asia,Desktop,0.42807605489011347,0.25,0.21601645146196766,0.024838382066813738
669,New User,North America,Desktop,0.5444863317711143,0.25,0.25,0.029458604011137937
670,New User,Asia,Desktop,0.5694777192901377,0.25,0.22467027888450786,0.014698518723455225
671,New User,North America,Desktop,0.529593839844681,0.25,0.25,0.0034319955067606406
672,Power User,Asia,Mobile,0.5466963010164327,0.25,0.23551517227579244,0.023390455758318062
673,New User,Asia,Mobile,0.7549936061864571,0.25,0.196565247566031,0.0047092536444723
674,Returning User,Asia,Desktop,0.6607314728352328,0.25,0.18308595942626624,0.015741816300280577
675,Returning User,Europe,Desktop,0.5285953386897536,0.25,0.25,0.02660586179488445
676,Power User,North America,Mobile,0.6411965871151225,0.25,0.23315326761008123,0.044822796782929594
677,New User,North America,Mobile,0.3451214144708691,0.25,0.23340730549257604,0.02531899458077142
678,New User,North America,Mobile,0.5596890574920214,0.25,0.25,0.005805250930939657
679,Power User,North America,Desktop,0.7713959524599665,0.25,0.25,0.049144382497205874
680,Power User,Europe,Desktop,0.4672931156911439,0.25,0.2418236583591457,0.06775981164795335
681,Power User,North America,Desktop,0.3728549107071373,0.25,0.23978203879270416,0.0551273782093245
682,New User,Asia,Mobile,0.4021866667110409,0.25,0.25,0.014099436874671531
683,New User,Europe,Mobile,0.33655504439864176,0.25,0.20929193290901274,0.005970833370972345
684,Returning User,Asia,Desktop,0.3822857137808445,0.25,0.25,0.015501529049275346
685,Power User,North America,Desktop,0.44442378521149567,0.25,0.25,0.037240801205720785
686,Returning User,Asia,Mobile,0.28916494712320373,0.25,0.25,0.01688489701325651
687,Returning User,Asia,Mobile,0.5023427500924404,0.25,0.19189741892492607,0.03633498758116472
688,New User,North America,Mobile,0.635341576067997,0.25,0.22715934190573178,0.011671675930615969
689,Returning User,Europe,Mobile,0.36383657297796196,0.25,0.223652102415296,0.004753403959281536
690,New User,Europe,Desktop,0.7278925885462653,0.25,0.25,0.04152253939589675
691,New User,North America,Mobile,0.5766188132791392,0.25,0.25,0.019799477867177444
692,Returning User,Europe,Mobile,0.6545870878436086,0.25,0.25,0.003895848992302463
693,Returning User,North America,Mobile,0.4013248169221795,0.25,0.2351510355889578,0.018372266091387646
694,New User,North America,Desktop,0.6281787840599924,0.25,0.23507282505072358,0.016663295742426268
695,New User,North America,Desktop,0.33620991494070307,0.25,0.25,0.04056888139946065
696,Returning User,North America,Mobile,0.6335371251254763,0.25,0.25,0.008378313126116962
697,New User,North America,Mobile,0.5257759009690297,0.25,0.25,0.029640610790339198
698,Returning User,North America,Mobile,0.5829876829977175,0.25,0.25,0.045992296404585145
699,New User,Asia,Desktop,0.32366080915627227,0.25,0.21528650143860187,0.005570185423881447
700,Returning User,Europe,Desktop,0.3657395236585093,0.23252636149911554,0.19253251085578135,0.0208372957170965
701,Returning User,Asia,Desktop,0.5895842327380078,0.25,0.20345463252823212,0.009455361289393447
702,New User,North America,Mobile,0.3577477993663699,0.2446967851965909,0.25,0.011948082883795426
703,New User,North America,Desktop,0.5694809438148685,0.25,0.25,0.014451150384856032
704,New User,Europe,Mobile,0.29492932903096314,0.25,0.25,0.024894749971235558
705,New User,North America,Mobile,0.6272261319000002,0.25,0.25,0.0313527520653067
706,Power User,North America,Mobile,0.3151215027847236,0.25,0.25,0.0387785590306753
707,New User,Europe,Desktop,0.5828449906519285,0.25,0.23259951002038945,-0.014509875963389918
708,Power User,North America,Mobile,0.5938446400469002,0.25,0.21530752549768428,0.04968132831085637
709,New User,Europe,Desktop,0.39548422723556376,0.25,0.25,0.019403062949529606
710,Returning User,Europe,Desktop,0.5873039850627091,0.25,0.25,0.028741265315275627
711,Returning User,North America,Mobile,0.5390663395000334,0.25,0.25,0.020099901287364344
712,Returning User,North America,Mobile,0.41917372157108923,0.25,0.25,0.02687128149495902
713,Returning User,Europe,Desktop,0.34871679738856876,0.25,0.25,0.04773167212528372
714,Returning User,North America,Mobile,0.20560614624911316,0.2318745721337823,0.25,0.03072601253443764
715,New User,North America,Desktop,0.552447507094954,0.25,0.25,0.009399473624953733
716,Power User,Asia,Mobile,0.26527958429569176,0.25,0.25,0.042497032743560065
717,Power User,North America,Desktop,0.5143016299161962,0.25,0.25,0.047452214634834046
718,Power User,Europe,Desktop,0.46048276758766266,0.25,0.25,0.0745510994274596
719,New User,Asia,Desktop,0.6018714163157293,0.25,0.23616490803896142,0.01225048935710704
720,Returning User,North America,Desktop,0.45469317507652035,0.25,0.25,0.024703084832189384
721,Power User,North America,Mobile,0.4505828320479363,0.25,0.20816514793422214,0.04276529643595546
722,New User,North America,Mobile,0.6097806056432443,0.25,0.25,0.03148475036162947
723,New User,North America,Desktop,0.5502587043626176,0.25,0.21416431180701895,0.04439755882117012
724,Returning User,North America,Desktop,0.5474233935774168,0.25,0.25,0.031759195741470826
725,Returning User,Europe,Mobile,0.570390138471279,0.25,0.22464538124721523,0.02624159355678139
726,Power User,North America,Mobile,0.2696641815189341,0.2381253112159314,0.25,0.050551742497613524
727,New User,Europe,Mobile,0.6135183019980472,0.25,0.24898224322216272,-0.02
728,Returning User,Asia,Mobile,0.5918703191020404,0.25,0.20215732125510003,0.03617726296427226
729,New User,Asia,Mobile,0.3474975307135254,0.25,0.25,0.01701249623993765
730,New User,Europe,Mobile,0.4633879289488698,0.25,0.23266237669501869,0.021425130759910874
731,New User,North America,Desktop,0.4941039068558553,0.25,0.25,0.004328067088744428
732,Power User,Europe,Mobile,0.4798254823397401,0.25,0.25,0.04423314681534363
733,Returning User,Europe,Mobile,0.5500789949852802,0.25,0.25,0.018834625952452406
734,Returning User,North America,Desktop,0.7147050172746775,0.25,0.22127293134954365,0.04032434476109559
735,New User,North America,Mobile,0.6622650091509243,0.25,0.23232003305717913,0.0093186024509536
736,Power User,Asia,Mobile,0.3031671209852891,0.25,0.23624084091696745,0.08
737,New User,North America,Mobile,0.5933104985459073,0.25,0.25,0.02146293628522556
738,Power User,North America,Mobile,0.6993399979303114,0.25,0.25,0.030864760100064028
739,Returning User,North America,Mobile,0.5580212781033804,0.25,0.22584484744771371,0.02307180560122065
740,New User,North America,Desktop,0.6636470637778951,0.25,0.25,0.0052248731676537655
741,Returning User,Asia,Mobile,0.8018405668551147,0.25,0.18490967746822895,-0.007915737047300364
742,New User,Europe,Desktop,0.6535564319160472,0.25,0.21417431796723133,0.038992064101706844
743,Returning User,Europe,Desktop,0.5373962893462594,0.25,0.22123664631439677,0.03554713813330006
744,Returning User,North America,Mobile,0.656763271112713,0.25,0.20942473931677832,0.032998109768489686
745,New User,North America,Desktop,0.5217331749645336,0.25,0.2024923483063726,0.017481054904495565
746,Power User,North America,Mobile,0.5035854564927433,0.25,0.25,0.02926973646961344
747,New User,North America,Desktop,0.4472878646429401,0.25,0.24357796906816415,0.0077457429066684486
748,Returning User,North America,Desktop,0.7345120038248162,0.25,0.25,0.03762671162176019
749,Power User,Europe,Mobile,0.3772357001086998,0.25,0.25,0.03423169955326246
750,Returning User,North America,Mobile,0.7298551587017174,0.25,0.25,-0.0129765397437622
751,New User,Europe,Mobile,0.5749796185610557,0.25,0.25,0.01159340988328611
752,Power User,North America,Mobile,0.2901040737797088,0.17823058973189138,0.1761446211446233,0.047873636689586926
753,Returning User,North America,Mobile,0.5551473939487133,0.25,0.21439019835082768,0.027033451246220638
754,New User,North America,Desktop,0.18499602385225639,0.215499008610128,0.24723343403475187,0.025927779652718044
755,New User,Asia,Desktop,0.5938262025246553,0.25,0.2323266360165662,0.024564087183468128
756,Returning User,Asia,Desktop,0.6327847224483487,0.25,0.22193211103712723,0.028881547078658826
757,Returning User,Asia,Desktop,0.41114660665219194,0.25,0.24466246372586806,0.04293297082130064
758,Returning User,North America,Desktop,0.5185321543933373,0.25,0.2226156724211046,0.0022154532878002828
759,Power User,North America,Desktop,0.7931236150625429,0.25,0.23747708854031704,0.05756872721716086
760,Returning User,Europe,Desktop,0.4241379943607095,0.25,0.25,0.03439807545005414
761,New User,North America,Mobile,0.34116386194150994,0.25,0.25,-0.003593434291203592
762,New User,Asia,Mobile,0.7222495103693898,0.25,0.22306509800723112,-0.007543059130235841
763,New User,North America,Desktop,0.7943880785796191,0.25,0.23536883881153767,0.00381086810286598
764,Returning User,North America,Desktop,0.5005543507771771,0.25,0.25,0.015076878362270623
765,New User,North America,Mobile,0.6517194553112534,0.25,0.25,0.02630129195253646
766,Returning User,North America,Mobile,0.7012213873296321,0.25,0.25,0.015781918244633576
767,Returning User,Europe,Mobile,0.3886273651192424,0.25,0.25,0.012154772225781943
768,Power User,North America,Mobile,0.4272041246948198,0.25,0.25,0.04082549394958161
769,New User,North America,Desktop,0.6846311769732103,0.25,0.20836394348632595,0.031779485012313174
770,Power User,North America,Mobile,0.7527521418062764,0.25,0.25,0.050195650615654286
771,New User,North America,Desktop,0.5844321290261532,0.25,0.24840679594909268,0.012311234619646323
772,Power User,Europe,Desktop,0.3680278469746919,0.25,0.23347054589385252,0.04834991751948423
773,New User,Asia,Desktop,0.7980591667549162,0.25,0.25,0.034380905014897836
774,New User,Asia,Mobile,0.42035436532820536,0.25,0.25,0.0037624241009513726
775,Returning User,Europe,Mobile,0.44972933282428224,0.25,0.25,0.04473262436410156
776,New User,North America,Desktop,0.5513506751734432,0.25,0.2236457859597382,0.018157444483822553
777,New User,Europe,Desktop,0.7331240631072161,0.25,0.25,0.012593709270369784
778,Returning User,North America,Desktop,0.6280963964828336,0.25,0.23087237373772107,0.06251350746901421
779,Returning User,North America,Mobile,0.5622298250542865,0.25,0.25,0.009165407653021058
780,Returning User,Asia,Desktop,0.5694932795177159,0.25,0.24089949797568597,0.019694713606494912
781,Returning User,North America,Mobile,0.5065272002965199,0.25,0.24343401244793123,0.006513531412539998
782,Returning User,Asia,Desktop,0.5837209271777759,0.25,0.25,0.03928692955804254
783,New User,North America,Desktop,0.12056598834585458,0.07824068992585709,0.04703487833138015,0.04033783400477518
784,New User,Europe,Desktop,0.45550888113953025,0.25,0.25,0.04004884172106958
785,New User,Europe,Mobile,0.5361982902375172,0.25,0.1953674179211651,0.03335923129719007
786,Power User,Asia,Mobile,0.32734788745707394,0.25,0.23206996950235428,0.04703569298306052
787,Returning User,Europe,Desktop,0.557948497671734,0.25,0.25,0.019521385337652304
788,Returning User,Europe,Mobile,0.4693293168520818,0.25,0.25,-6.754658741097222e-05
789,Returning User,North America,Desktop,0.7633213547473234,0.25,0.24698572838284885,0.055538103027726896
790,Power User,Europe,Mobile,0.7359529587822284,0.25,0.24827827890995371,0.05703467117222702
791,New User,North America,Mobile,0.4301291646322756,0.25,0.25,0.007620646426957754
792,Returning User,Europe,Mobile,0.4773743432649957,0.25,0.2430679156762696,0.044920853334804514
793,Returning User,Europe,Desktop,0.48890786515874113,0.25,0.25,0.01040853224859999
794,Returning User,Europe,Mobile,0.4322510785760566,0.25,0.25,0.03109933051334011
795,New User,North America,Mobile,0.5292537476042191,0.25,0.25,0.01241056298563748
796,Power User,North America,Desktop,0.38625768966686147,0.23642165320612463,0.20743695150501212,0.059580157098204516
797,Power User,Europe,Desktop,0.33040769975937107,0.2287314120950792,0.2263497593629081,0.04904639691220818
798,Returning User,North America,Desktop,0.5934066835850402,0.25,0.2409860215383789,0.003236081633331639
799,Returning User,North America,Desktop,0.5944294376332716,0.25,0.21983195872931602,0.026133645590050568
800,Power User,North America,Mobile,0.37935263605100117,0.25,0.25,0.06573296212813043
801,Returning User,Asia,Mobile,0.6343033146143899,0.25,0.2338706272666055,0.02456175391219022
802,New User,Europe,Mobile,0.4052633406252003,0.25,0.25,0.026626726823836287
803,Returning User,North America,Mobile,0.5379747857056971,0.25,0.21789425311317007,0.009317057714889204
804,Returning User,North America,Mobile,0.6230516018918684,0.25,0.25,0.02460608810095222
805,Returning User,North America,Desktop,0.49495811529444306,0.25,0.22311002024223814,0.01563234317367134
806,Returning User,Europe,Mobile,0.5682111368211702,0.25,0.25,0.03620471260157065
807,Power User,Europe,Mobile,0.4225355534168642,0.25,0.25,0.05047237343392994
808,Power User,North America,Mobile,0.4705300124857854,0.25,0.23288078709399662,0.06035110514504919
809,Returning User,North America,Desktop,0.46912108536794894,0.25,0.25,0.04131565639236799
810,New User,North America,Desktop,0.3880132480189642,0.25,0.21312449206598752,0.025374278626820825
811,Power User,Europe,Mobile,0.4734838755326327,0.25,0.25,0.054096776514404664
812,Power User,Europe,Desktop,0.26770725517043803,0.196066286815335,0.19649076476430774,0.03502681612232893
813,New User,North America,Desktop,0.4263269379286843,0.25,0.23210765776093362,0.014958208339996481
814,Power User,North America,Desktop,0.4572686759945494,0.25,0.24102454682717697,0.04200364396976251
815,Power User,North America,Desktop,0.461573037125693,0.25,0.25,0.044839040649436605
816,Returning User,Asia,Desktop,0.46377538311938316,0.25,0.23246634124448684,0.019381987738746238
817,Returning User,North America,Desktop,0.49073537002098067,0.25,0.22751926931731667,0.010301116378266334
818,New User,Europe,Desktop,0.5719162277129096,0.25,0.24335390207248786,-0.014360078837009849
819,New User,Europe,Mobile,0.6311775611198784,0.25,0.21469113661690095,0.004977854275083498
820,New User,North America,Mobile,0.40253521597275993,0.25,0.25,0.017900691778862384
821,Power User,North America,Desktop,0.3195198716916283,0.25,0.2330081622635583,0.02977734431858765
822,New User,North America,Mobile,0.34369333816353453,0.24945749375637474,0.25,0.015235233547074364
823,New User,Europe,Mobile,0.42691956182076096,0.25,0.25,0.043504026364664466
824,New User,Europe,Desktop,0.44721180232752367,0.25,0.22046397848554095,0.030345848328783585
825,Returning User,Europe,Mobile,0.3845005900703814,0.25,0.24982135872361813,0.049653122636807934
826,Power User,Europe,Desktop,0.30558250036251583,0.23897508801512846,0.25,0.0558669181539909
827,New User,North America,Desktop,0.43158187587887176,0.25,0.2443521599474108,0.03251264734479669
828,New User,Asia,Desktop,0.5272139930170957,0.25,0.25,0.004140529042983189
829,Returning User,Europe,Mobile,0.5892544198753347,0.25,0.25,0.015334895994670238
830,Returning User,North America,Mobile,0.4163865420337518,0.25,0.25,-0.016087103092062086
831,New User,Asia,Mobile,0.43805032667848487,0.25,0.23621029683181008,0.032792182110634484
832,Returning User,Europe,Mobile,0.3609952536729034,0.24491015223697848,0.21251487880353387,0.04810485969729829
833,New User,Europe,Desktop,0.49528412444378356,0.25,0.23159237183911616,0.0067023413197909495
834,New User,Europe,Desktop,0.3727357048713778,0.25,0.25,0.011190724404041473
835,Returning User,Asia,Mobile,0.58596917198618,0.25,0.25,0.01369206829463558
836,Returning User,Europe,Desktop,0.2321200262098833,0.16807596059080804,0.10292881844799462,0.030739803272162376
837,Power User,North America,Desktop,0.44605554913213064,0.25,0.2497566039516475,0.06687398817954862
838,New User,North America,Mobile,0.5451661008787613,0.25,0.25,-0.011141579608215615
839,Returning User,Asia,Desktop,0.5275751774483757,0.25,0.24167367231053344,0.031141577959633786
840,Returning User,North America,Mobile,0.9039550495970745,0.25,0.25,0.02084992342421282
841,New User,North America,Desktop,0.5524700036851862,0.25,0.25,0.01670091587950034
842,Returning User,North America,Mobile,0.3493918104736985,0.25,0.25,0.031884910025114364
843,New User,North America,Desktop,0.485680362936639,0.25,0.24352118438949302,0.012176963418407682
844,Power User,Europe,Desktop,0.23356304998003224,0.17785754846295246,0.2059818732381602,0.04844619719891329
845,New User,Asia,Mobile,0.48791003760548585,0.25,0.25,0.011791872486680417
846,Returning User,North America,Mobile,0.3750415914498862,0.25,0.25,0.03955474302682422
847,New User,North America,Mobile,0.6373085413340243,0.25,0.217235752197138,0.021281399401912447
848,Power User,North America,Mobile,0.4175689588106698,0.25,0.24238971767372858,0.053308753066060414
849,Returning User,Asia,Desktop,0.48248511263071303,0.25,0.2396450588365061,0.005935724183615761
850,Returning User,Europe,Desktop,0.4046663237893395,0.25,0.25,0.01932130385180269
851,New User,North America,Mobile,0.7608277027779997,0.25,0.25,0.028480037405087612
852,Returning User,Asia,Desktop,0.45181358508231323,0.25,0.2248332197792279,0.025565448596858845
853,New User,Asia,Mobile,0.7748835565218802,0.25,0.25,0.024892972043837072
854,Power User,Asia,Mobile,0.6221227643177399,0.25,0.18940218003531592,0.0764976770049145
855,New User,Asia,Desktop,0.5723100091003079,0.25,0.25,0.03057909103813225
856,New User,North America,Desktop,0.555309972097628,0.25,0.23462877277969918,0.016397375065496135
857,New User,Europe,Mobile,0.5590695947324378,0.25,0.25,0.007335162447064093
858,Returning User,North America,Mobile,0.2108491130981585,0.14030072236300312,0.13101123094336128,-0.013303243940838469
859,Returning User,Asia,Mobile,0.4581674908773865,0.25,0.25,0.022474226162907215
860,New User,Europe,Desktop,0.6267736956776482,0.25,0.16487480675807864,0.010109812562747261
861,Returning User,Europe,Desktop,0.4926654224788842,0.25,0.24950168973022274,0.030855492915930635
862,Returning User,Europe,Desktop,0.28922152297946374,0.25,0.24682543727506906,0.022691421595379686
863,Returning User,North America,Desktop,0.4921393324133796,0.25,0.23639090837224952,0.020194224108448088
864,Returning User,Europe,Mobile,0.7556158274383237,0.25,0.25,-0.0016909839576083087
865,Returning User,Asia,Mobile,0.6870337573302079,0.25,0.22338011623432685,0.010900482562749005
866,Returning User,Asia,Mobile,0.49069939859509526,0.25,0.25,0.032149765612008364
867,New User,North America,Mobile,0.642717391558713,0.25,0.25,0.04073861446699041
868,New User,North America,Mobile,0.44502394694479225,0.25,0.25,0.013537119243815648
869,Power User,North America,Mobile,0.24441926197599217,0.25,0.22998432745667485,0.05491716610361185
870,Power User,Europe,Desktop,0.36133010178056685,0.25,0.22801093302628722,0.06428717235429209
871,New User,Asia,Desktop,0.7344333152762297,0.25,0.25,0.002836590956996253
872,New User,North America,Mobile,0.45890103772560437,0.25,0.25,0.020502210649281635
873,Returning User,Europe,Mobile,0.4634924030937473,0.25,0.20365187959969724,0.013892648405017624
874,Returning User,Asia,Desktop,0.45502427055876793,0.25,0.23382084956610188,0.03797236657736517
875,New User,Europe,Desktop,0.785620488435951,0.25,0.25,0.017271045719275988
876,New User,Europe,Desktop,0.7438938373043095,0.25,0.25,0.019476777209721595
877,Returning User,Europe,Desktop,0.8328170350172202,0.25,0.22962308040421134,0.013261021038721166
878,Returning User,Europe,Mobile,0.4761432184399923,0.25,0.16257232030549176,0.03560548539416178
879,New User,North America,Mobile,0.5443436733120642,0.25,0.25,0.04627069381846524
880,New User,Europe,Mobile,0.27250361758688135,0.25,0.21339037930168073,-0.00011867543142309207
881,New User,Europe,Mobile,0.7215401639177411,0.25,0.18947983605632768,0.009903614885287142
882,Returning User,Asia,Mobile,0.32483306730980976,0.25,0.16503022225047578,0.028474112112521377
883,New User,Europe,Desktop,0.5325163345643944,0.25,0.25,0.026796093179937246
884,New User,Europe,Mobile,0.3354046208550734,0.25,0.25,0.006606805720657966
885,Returning User,North America,Desktop,0.4116699759891956,0.25,0.24323030857863245,-0.017495454352141095
886,New User,North America,Mobile,0.37441063534254493,0.25,0.25,0.035387842412460374
887,Returning User,North America,Mobile,0.4088187108986273,0.25,0.25,0.03640759179376214
888,New User,North America,Mobile,0.4191315945276532,0.25,0.25,-0.011144212957299976
889,New User,Europe,Mobile,0.41775968076123843,0.25,0.2082179358349901,0.005886468123306661
890,New User,Asia,Mobile,0.6250000867670461,0.25,0.2489634812813811,0.03852273644290989
891,Returning User,North America,Desktop,0.334270581040622,0.25,0.20149859875155957,0.04671694627686799
892,Power User,North America,Desktop,0.53308121405208,0.25,0.24311853004433598,0.06407960034018417
893,Power User,Asia,Desktop,0.6826938728458337,0.25,0.2425415243869997,0.047358313490602065
894,New User,North America,Mobile,0.4230205453229906,0.25,0.25,0.01624481128218765
895,Returning User,Europe,Mobile,0.3923121663878597,0.24801224858589485,0.2493791650201518,0.023036112923108105
896,New User,Europe,Desktop,0.4654213062229624,0.25,0.25,0.031923596749032564
897,New User,Europe,Mobile,0.6769587812541065,0.25,0.25,0.0018623639025733482
898,Power User,North America,Mobile,0.5291161446430036,0.25,0.25,0.03791300517673693
899,New User,North America,Desktop,0.4203178558088602,0.25,0.24054110034141626,0.030154118802540236
900,New User,Europe,Mobile,0.572581497678206,0.25,0.22176931898000862,0.014334578167326575
901,New User,Europe,Desktop,0.33465617752453647,0.25,0.25,0.03567701033180712
902,New User,North America,Mobile,0.6022039265664422,0.25,0.22593159918581368,0.004927316895291814
903,New User,Europe,Desktop,0.5612910961552652,0.25,0.25,0.014178324594917623
904,Returning User,North America,Mobile,0.4538287293291674,0.25,0.24150345883164304,0.011163805227340702
905,Returning User,Europe,Mobile,0.37421213023291533,0.25,0.23303270896378028,0.02511044022135351
906,Power User,North America,Desktop,0.3669978616574814,0.25,0.23586052836546645,0.02782179594501802
907,Power User,Asia,Mobile,0.5802226004518866,0.25,0.25,0.04268549868567556
908,New User,North America,Mobile,0.6843470753733593,0.25,0.24526759050305544,-0.006543807973921768
909,New User,North America,Desktop,0.4044038379456808,0.25,0.23074999539608854,0.02540884849786887
910,New User,North America,Mobile,0.5687580055327226,0.25,0.25,0.025748840096394776
911,Returning User,North America,Desktop,0.1869459472096897,0.12399018452656639,0.09830508930671389,-0.0009539409572651737
912,New User,Asia,Mobile,0.4123073404014201,0.25,0.25,0.03500828618250859
913,Returning User,Asia,Mobile,0.4953411600693647,0.25,0.25,0.06246122689629781
914,Returning User,North America,Mobile,0.36354748745272497,0.25,0.2010599466874878,0.025690095801045115
915,Returning User,North America,Mobile,0.3595240437815606,0.25,0.25,0.01538328609663033
916,Returning User,Europe,Desktop,0.3998330665296671,0.25,0.21834676973558653,0.0673649588650457
917,New User,Asia,Mobile,0.543828909248956,0.25,0.25,-0.004784527474537659
918,Power User,Europe,Desktop,0.4719006472390438,0.25,0.2211204696424307,0.05030159700303648
919,Returning User,North America,Mobile,0.1642653150012542,0.13874946136414484,0.15953253231961065,0.027694334089478852
920,New User,North America,Mobile,0.18189497710474006,0.20587386764974275,0.23904885963858413,0.03517721430678622
921,Power User,Europe,Mobile,0.4089702233214237,0.25,0.25,0.05539608462690183
922,Returning User,North America,Mobile,0.5686529879080328,0.25,0.25,0.01752049156317323
923,Power User,Europe,Desktop,0.0878742735912148,0.08853311455958411,0.08159408627169312,0.03573223444418066
924,Returning User,North America,Desktop,0.4250404735772554,0.25,0.23270741270995468,0.019872672696307967
925,Returning User,Europe,Desktop,0.42106282152238683,0.25,0.25,0.00989608958582284
926,New User,North America,Desktop,0.7082506667312671,0.25,0.2290151433949707,0.015717379796770244
927,New User,Europe,Mobile,0.44224672824307043,0.25,0.21888801779290012,0.006537057302092702
928,Returning User,North America,Desktop,0.5574483477111393,0.25,0.25,0.0025894331006537444
929,Returning User,Europe,Desktop,0.5211885710131194,0.25,0.22611589590440515,0.04382718682562356
930,New User,North America,Mobile,0.1804150280289199,0.15080406496273768,0.12230216003875387,0.0075349121485644086
931,New User,Europe,Mobile,0.6152310824947606,0.25,0.20669187213490706,-0.0040220520746296895
932,Power User,Europe,Mobile,0.5323094758184432,0.25,0.23551270481618447,0.04747611298268688
933,Power User,Europe,Mobile,0.5762402959511884,0.25,0.2475185492831052,0.051025573489514885
934,Returning User,Europe,Desktop,1.0,0.25,0.25,-0.0011970008836855
935,New User,Europe,Desktop,0.18738305907521174,0.15393175697193642,0.18247094430092092,0.01997471500688644
936,New User,Asia,Mobile,0.7587044974641662,0.25,0.25,-0.0007073635303539681
937,New User,North America,Mobile,0.45688287208994666,0.25,0.2442738334134046,0.040665432137861814
938,Power User,Asia,Mobile,0.5430993356604514,0.25,0.2440541297086084,0.057859407681151026
939,New User,North America,Desktop,0.4931731632048137,0.25,0.25,0.009001500148360252
940,Returning User,North America,Desktop,0.4363645499902935,0.25,0.25,0.013822483445239744
941,New User,North America,Mobile,0.41452506076418616,0.25,0.25,0.01342548438654564
942,Returning User,North America,Mobile,0.5494263103359514,0.25,0.23592607437368773,0.03419186112374935
943,Returning User,Europe,Desktop,0.27242394549924814,0.18607180876682705,0.1562858287342607,0.024617588071222007
944,Power User,Europe,Mobile,0.6125868751282648,0.25,0.20664384206763323,0.046742617892947154
945,New User,Europe,Mobile,0.4375708392672119,0.25,0.25,0.015875554362268434
946,New User,Europe,Desktop,0.3304895991439464,0.21284139623414394,0.23018075194333065,0.00594211603144568
947,New User,North America,Mobile,0.43249807130062795,0.25,0.25,0.009851911097354435
948,Power User,North America,Desktop,0.6885723825293859,0.25,0.24614021660943833,0.018713113416424947
949,Power User,North America,Mobile,0.4196997369475665,0.25,0.25,0.06460589346278552
950,Returning User,North America,Mobile,0.5537680427314431,0.25,0.23547644516245547,0.02948196670482643
951,Returning User,North America,Desktop,0.39035655864267904,0.25,0.25,0.013398162339498549
952,Returning User,North America,Desktop,0.6136882774885429,0.25,0.24883771315031372,0.053481024720328584
953,New User,Europe,Mobile,0.6028261608185306,0.25,0.23174947705961987,0.016305247205885796
954,Power User,Europe,Desktop,0.7772913249944617,0.25,0.25,0.03445784642037205
955,Returning User,Asia,Mobile,0.47366540817511765,0.25,0.25,0.03785106132205687
956,New User,Asia,Mobile,0.600298220713686,0.25,0.25,0.020970723247638937
957,Returning User,Europe,Desktop,0.5147101309308417,0.25,0.25,0.03091869978226329
958,New User,North America,Mobile,0.6943807672794522,0.25,0.24886320754849509,0.008613665930226142
959,New User,Europe,Mobile,0.39217514185869046,0.25,0.25,0.021757435856670518
960,Returning User,Europe,Desktop,0.6117507969315922,0.25,0.25,0.021073625646683584
961,New User,North America,Desktop,0.4707954055824978,0.25,0.25,0.02333912177468763
962,Returning User,North America,Mobile,0.49037177343372534,0.25,0.25,-0.0035741668101595785
963,New User,Asia,Desktop,0.513762872667256,0.25,0.25,0.008491898055312162
964,New User,North America,Desktop,0.5378360594640016,0.25,0.25,0.04083232646712292
965,New User,Europe,Desktop,0.4825656435317063,0.25,0.25,0.003493988168995491
966,New User,Europe,Desktop,0.532206977475579,0.25,0.24089307024202256,0.0059424255376022
967,Returning User,North America,Mobile,0.7367177086343277,0.25,0.24757247987011935,0.018280579923250377
968,New User,North America,Mobile,0.6478174528422828,0.25,0.15488722792365833,-0.003222092038329648
969,Returning User,North America,Mobile,0.6303731888745345,0.25,0.25,-0.008124211643423779
970,Returning User,North America,Desktop,0.4316690710964194,0.25,0.2353457175966892,0.021541204022145807
971,Returning User,North America,Desktop,0.36661387576575133,0.25,0.25,0.027037891361224854
972,Power User,Asia,Desktop,0.6432950837356629,0.25,0.25,0.04921242397192022
973,Returning User,North America,Desktop,0.6314070188794692,0.25,0.21433109741395115,0.0228268215707817
974,New User,Europe,Desktop,0.7209006013626473,0.25,0.24850359537615646,0.015645613062755814
975,New User,North America,Desktop,0.4094029061046156,0.25,0.21861636744812488,0.03034262207326146
976,New User,Asia,Desktop,0.46556770169594797,0.25,0.25,0.012143307211061747
977,Returning User,North America,Mobile,0.2540773756211849,0.25,0.25,0.01638876134369096
978,New User,North America,Mobile,0.4411293340908691,0.25,0.25,0.010783117726678705
979,Returning User,Asia,Desktop,0.6494855765869171,0.25,0.22627354624916304,0.033690201396351635
980,Returning User,Asia,Desktop,0.4300256931157703,0.25,0.25,0.04618040317814874
981,New User,North America,Desktop,0.5960719692801235,0.25,0.20904934613720094,0.005577843912462325
982,Returning User,Asia,Mobile,0.4714245341003283,0.25,0.25,0.026484006805433256
983,New User,North America,Mobile,0.5486085542332341,0.25,0.25,0.020075361629039393
984,New User,North America,Desktop,0.3278462915276499,0.25,0.25,0.00011132989906765568
985,Returning User,North America,Desktop,0.5127814174450852,0.25,0.25,0.025306257508193774
986,Returning User,North America,Mobile,0.051329604364891535,0.03420410600183043,0.04664729272549416,0.0030148921398685767
987,Returning User,Europe,Mobile,0.4719655762757023,0.25,0.25,-0.001535754556090979
988,Returning User,North America,Mobile,0.255429013442729,0.25,0.24144717228873958,0.030501196118383856
989,New User,North America,Mobile,0.6808991774820223,0.25,0.25,0.009241878880038258
990,Power User,Europe,Desktop,0.6166111029146767,0.25,0.21741621102455772,0.05303420611431829
991,Returning User,Europe,Mobile,0.5700006472949122,0.25,0.22395217115205002,0.02473157534487475
992,Returning User,North America,Mobile,0.728150934073907,0.25,0.25,0.010353999270043041
993,New User,Europe,Desktop,0.35766252187627445,0.25,0.25,0.014321185470534951
994,Returning User,North America,Mobile,0.7621044796873337,0.25,0.24231157527245284,0.006503480424777174
995,New User,Europe,Mobile,0.6398287346390577,0.25,0.2429225041206363,0.035864585370021004
996,New User,Europe,Mobile,0.4645167069171581,0.25,0.23779344266486876,-0.005339555172899458
997,Power User,Asia,Desktop,0.6703430220774416,0.25,0.23395729987467032,0.04706322093547128
998,New User,North America,Mobile,0.33405597313825486,0.25,0.25,-0.0006340738207087256
999,Power User,North America,Desktop,0.376322875770849,0.25,0.20508227064464066,0.05855631760041194
1000,Returning User,North America,Desktop,0.40871154151404493,0.25,0.25,0.02002852943077746
